id,name,pokedex_id,type1,type2,primary_color,shape,legendary,mega_evolution,alolan_form,galarian_form,gigantamax,image_fn
0,Bulbasaur,1,Grass,Poison,Green,Quadruped,False,False,False,False,False,['1']
1,Ivysaur,2,Grass,Poison,Green,Quadruped,False,False,False,False,False,['2']
2,Venusaur,3,Grass,Poison,Green,Quadruped,False,False,False,False,False,['3']
3,Venusaur Gmax,3,Grass,Poison,Green,Quadruped,False,False,False,False,True,['3_g']
4,Venusaur Mega,3,Grass,Poison,Green,Quadruped,False,True,False,False,False,['3_2']
5,Charmander,4,Fire,,Red,Upright,False,False,False,False,False,['4']
6,Charmeleon,5,Fire,,Red,Upright,False,False,False,False,False,['5']
7,Charizard,6,Fire,Flying,Red,Upright,False,False,False,False,False,['6']
8,Charizard Gmax,6,Fire,Flying,Red,Upright,False,False,False,False,True,['6_g']
9,Charizard Mega X,6,Fire,Dragon,Red,Upright,False,True,False,False,False,['6_2']
10,Charizard Mega Y,6,Fire,Flying,Red,Upright,False,True,False,False,False,['6_3']
11,Squirtle,7,Water,,Blue,Upright,False,False,False,False,False,['7']
12,Wartortle,8,Water,,Blue,Upright,False,False,False,False,False,['8']
13,Blastoise,9,Water,,Blue,Upright,False,False,False,False,False,['9']
14,Blastoise Gmax,9,Water,,Blue,Upright,False,False,False,False,True,['9_g']
15,Blastoise Mega,9,Water,,Blue,Upright,False,True,False,False,False,['9_2']
16,Caterpie,10,Bug,,Green,Armor,False,False,False,False,False,['10']
17,Metapod,11,Bug,,Green,Squiggle,False,False,False,False,False,['11']
18,Butterfree,12,Bug,Flying,White,Bug-Wings,False,False,False,False,False,['12']
19,Butterfree Gmax,12,Bug,Flying,White,Bug-Wings,False,False,False,False,True,['12_g']
20,Weedle,13,Bug,Poison,Brown,Armor,False,False,False,False,False,['13']
21,Kakuna,14,Bug,Poison,Yellow,Squiggle,False,False,False,False,False,['14']
22,Beedrill,15,Bug,Poison,Yellow,Bug-Wings,False,False,False,False,False,['15']
23,Beedrill Mega,15,Bug,Poison,Yellow,Bug-Wings,False,True,False,False,False,['15_2']
24,Pidgey,16,Normal,Flying,Brown,Wings,False,False,False,False,False,['16']
25,Pidgeotto,17,Normal,Flying,Brown,Wings,False,False,False,False,False,['17']
26,Pidgeot,18,Normal,Flying,Brown,Wings,False,False,False,False,False,['18']
27,Pidgeot Mega,18,Normal,Flying,Brown,Wings,False,True,False,False,False,['18_2']
28,Rattata,19,Normal,,Purple,Quadruped,False,False,False,False,False,['19']
29,Rattata Alola,19,Dark,Normal,Purple,Quadruped,False,False,True,False,False,['19_2']
30,Raticate,20,Normal,,Brown,Quadruped,False,False,False,False,False,['20']
31,Raticate Alola,20,Dark,Normal,Brown,Quadruped,False,False,True,False,False,['20_2']
32,Raticate Totem Alola,20,Dark,Normal,Brown,Quadruped,False,False,True,False,False,[]
33,Spearow,21,Normal,Flying,Brown,Wings,False,False,False,False,False,['21']
34,Fearow,22,Normal,Flying,Brown,Wings,False,False,False,False,False,['22']
35,Ekans,23,Poison,,Purple,Squiggle,False,False,False,False,False,['23']
36,Arbok,24,Poison,,Purple,Squiggle,False,False,False,False,False,['24']
37,Pikachu,25,Electric,,Yellow,Quadruped,False,False,False,False,False,['25']
38,Pikachu Alola Cap,25,Electric,,Yellow,Quadruped,False,False,False,False,False,[]
39,Pikachu Belle,25,Electric,,Yellow,Quadruped,False,False,False,False,False,[]
40,Pikachu Cosplay,25,Electric,,Yellow,Quadruped,False,False,False,False,False,[]
41,Pikachu Gmax,25,Electric,,Yellow,Quadruped,False,False,False,False,True,['25_g']
42,Pikachu Hoenn Cap,25,Electric,,Yellow,Quadruped,False,False,False,False,False,[]
43,Pikachu Kalos Cap,25,Electric,,Yellow,Quadruped,False,False,False,False,False,[]
44,Pikachu Libre,25,Electric,,Yellow,Quadruped,False,False,False,False,False,[]
45,Pikachu Original Cap,25,Electric,,Yellow,Quadruped,False,False,False,False,False,[]
46,Pikachu Partner Cap,25,Electric,,Yellow,Quadruped,False,False,False,False,False,[]
47,Pikachu Phd,25,Electric,,Yellow,Quadruped,False,False,False,False,False,[]
48,Pikachu Pop Star,25,Electric,,Yellow,Quadruped,False,False,False,False,False,[]
49,Pikachu Rock Star,25,Electric,,Yellow,Quadruped,False,False,False,False,False,[]
50,Pikachu Sinnoh Cap,25,Electric,,Yellow,Quadruped,False,False,False,False,False,[]
51,Pikachu Unova Cap,25,Electric,,Yellow,Quadruped,False,False,False,False,False,[]
52,Raichu,26,Electric,,Yellow,Upright,False,False,False,False,False,['26']
53,Raichu Alola,26,Electric,Psychic,Yellow,Upright,False,False,True,False,False,['26_2']
54,Sandshrew,27,Ground,,Yellow,Upright,False,False,False,False,False,['27']
55,Sandshrew Alola,27,Ice,Steel,Yellow,Upright,False,False,True,False,False,['27_2']
56,Sandslash,28,Ground,,Yellow,Upright,False,False,False,False,False,['28']
57,Sandslash Alola,28,Ice,Steel,Yellow,Upright,False,False,True,False,False,['28_2']
58,Nidoran F,29,Poison,,Blue,Quadruped,False,False,False,False,False,['29']
59,Nidorina,30,Poison,,Blue,Quadruped,False,False,False,False,False,['30']
60,Nidoqueen,31,Poison,Ground,Blue,Upright,False,False,False,False,False,['31']
61,Nidoran M,32,Poison,,Purple,Quadruped,False,False,False,False,False,['32']
62,Nidorino,33,Poison,,Purple,Quadruped,False,False,False,False,False,['33']
63,Nidoking,34,Poison,Ground,Purple,Upright,False,False,False,False,False,['34']
64,Clefairy,35,Fairy,,Pink,Upright,False,False,False,False,False,['35']
65,Clefable,36,Fairy,,Pink,Upright,False,False,False,False,False,['36']
66,Vulpix,37,Fire,,Brown,Quadruped,False,False,False,False,False,['37']
67,Vulpix Alola,37,Ice,,Brown,Quadruped,False,False,True,False,False,['37_2']
68,Ninetales,38,Fire,,Yellow,Quadruped,False,False,False,False,False,['38']
69,Ninetales Alola,38,Ice,Fairy,Yellow,Quadruped,False,False,True,False,False,['38_2']
70,Jigglypuff,39,Normal,Fairy,Pink,Humanoid,False,False,False,False,False,['39']
71,Wigglytuff,40,Normal,Fairy,Pink,Humanoid,False,False,False,False,False,['40']
72,Zubat,41,Poison,Flying,Purple,Wings,False,False,False,False,False,['41']
73,Golbat,42,Poison,Flying,Purple,Wings,False,False,False,False,False,['42']
74,Oddish,43,Grass,Poison,Blue,Legs,False,False,False,False,False,['43']
75,Gloom,44,Grass,Poison,Blue,Humanoid,False,False,False,False,False,['44']
76,Vileplume,45,Grass,Poison,Red,Humanoid,False,False,False,False,False,['45']
77,Paras,46,Bug,Grass,Red,Armor,False,False,False,False,False,['46']
78,Parasect,47,Bug,Grass,Red,Armor,False,False,False,False,False,['47']
79,Venonat,48,Bug,Poison,Purple,Humanoid,False,False,False,False,False,['48']
80,Venomoth,49,Bug,Poison,Purple,Bug-Wings,False,False,False,False,False,['49']
81,Diglett,50,Ground,,Brown,Blob,False,False,False,False,False,['50']
82,Diglett Alola,50,Ground,Steel,Brown,Blob,False,False,True,False,False,['50_2']
83,Dugtrio,51,Ground,,Brown,Heads,False,False,False,False,False,['51']
84,Dugtrio Alola,51,Ground,Steel,Brown,Heads,False,False,True,False,False,['51_2']
85,Meowth,52,Normal,,Yellow,Quadruped,False,False,False,False,False,['52']
86,Meowth Alola,52,Dark,,Yellow,Quadruped,False,False,True,False,False,['52_2']
87,Meowth Galar,52,Steel,,Yellow,Quadruped,False,False,False,True,False,['52_3']
88,Meowth Gmax,52,Normal,,Yellow,Quadruped,False,False,False,False,True,['52_g']
89,Persian,53,Normal,,Yellow,Quadruped,False,False,False,False,False,['53']
90,Persian Alola,53,Dark,,Yellow,Quadruped,False,False,True,False,False,['53_2']
91,Psyduck,54,Water,,Yellow,Upright,False,False,False,False,False,['54']
92,Golduck,55,Water,,Blue,Upright,False,False,False,False,False,['55']
93,Mankey,56,Fighting,,Brown,Upright,False,False,False,False,False,['56']
94,Primeape,57,Fighting,,Brown,Upright,False,False,False,False,False,['57']
95,Growlithe,58,Fire,,Brown,Quadruped,False,False,False,False,False,['58']
96,Arcanine,59,Fire,,Brown,Quadruped,False,False,False,False,False,['59']
97,Poliwag,60,Water,,Blue,Legs,False,False,False,False,False,['60']
98,Poliwhirl,61,Water,,Blue,Humanoid,False,False,False,False,False,['61']
99,Poliwrath,62,Water,Fighting,Blue,Humanoid,False,False,False,False,False,['62']
100,Abra,63,Psychic,,Brown,Upright,False,False,False,False,False,['63']
101,Kadabra,64,Psychic,,Brown,Upright,False,False,False,False,False,['64']
102,Alakazam,65,Psychic,,Brown,Humanoid,False,False,False,False,False,['65']
103,Alakazam Mega,65,Psychic,,Brown,Humanoid,False,True,False,False,False,['65_2']
104,Machop,66,Fighting,,Gray,Upright,False,False,False,False,False,['66']
105,Machoke,67,Fighting,,Gray,Humanoid,False,False,False,False,False,['67']
106,Machamp,68,Fighting,,Gray,Humanoid,False,False,False,False,False,['68']
107,Machamp Gmax,68,Fighting,,Gray,Humanoid,False,False,False,False,True,['68_g']
108,Bellsprout,69,Grass,Poison,Green,Humanoid,False,False,False,False,False,['69']
109,Weepinbell,70,Grass,Poison,Green,Blob,False,False,False,False,False,['70']
110,Victreebel,71,Grass,Poison,Green,Blob,False,False,False,False,False,['71']
111,Tentacool,72,Water,Poison,Blue,Tentacles,False,False,False,False,False,['72']
112,Tentacruel,73,Water,Poison,Blue,Tentacles,False,False,False,False,False,['73']
113,Geodude,74,Rock,Ground,Brown,Arms,False,False,False,False,False,['74']
114,Geodude Alola,74,Rock,Electric,Brown,Arms,False,False,True,False,False,['74_2']
115,Graveler,75,Rock,Ground,Brown,Humanoid,False,False,False,False,False,['75']
116,Graveler Alola,75,Rock,Electric,Brown,Humanoid,False,False,True,False,False,['75_2']
117,Golem,76,Rock,Ground,Brown,Humanoid,False,False,False,False,False,['76']
118,Golem Alola,76,Rock,Electric,Brown,Humanoid,False,False,True,False,False,['76_2']
119,Ponyta,77,Fire,,Yellow,Quadruped,False,False,False,False,False,['77']
120,Ponyta Galar,77,Psychic,,Yellow,Quadruped,False,False,False,True,False,['77_2']
121,Rapidash,78,Fire,,Yellow,Quadruped,False,False,False,False,False,['78']
122,Rapidash Galar,78,Psychic,Fairy,Yellow,Quadruped,False,False,False,True,False,['78_2']
123,Slowpoke,79,Water,Psychic,Pink,Quadruped,False,False,False,False,False,['79']
124,Slowpoke Galar,79,Psychic,,Pink,Quadruped,False,False,False,True,False,['79_2']
125,Slowbro,80,Water,Psychic,Pink,Upright,False,False,False,False,False,['80']
126,Slowbro Galar,80,Poison,Psychic,Pink,Upright,False,False,False,True,False,['80_3']
127,Slowbro Mega,80,Water,Psychic,Pink,Upright,False,True,False,False,False,['80_2']
128,Magnemite,81,Electric,Steel,Gray,Arms,False,False,False,False,False,['81']
129,Magneton,82,Electric,Steel,Gray,Heads,False,False,False,False,False,['82']
130,Farfetchd,83,Normal,Flying,Brown,Wings,False,False,False,False,False,['83']
131,Farfetchd Galar,83,Fighting,,Brown,Wings,False,False,False,True,False,['83_2']
132,Doduo,84,Normal,Flying,Brown,Legs,False,False,False,False,False,['84']
133,Dodrio,85,Normal,Flying,Brown,Legs,False,False,False,False,False,['85']
134,Seel,86,Water,,White,Fish,False,False,False,False,False,['86']
135,Dewgong,87,Water,Ice,White,Fish,False,False,False,False,False,['87']
136,Grimer,88,Poison,,Purple,Arms,False,False,False,False,False,['88']
137,Grimer Alola,88,Poison,Dark,Purple,Arms,False,False,True,False,False,['88_2']
138,Muk,89,Poison,,Purple,Arms,False,False,False,False,False,['89']
139,Muk Alola,89,Poison,Dark,Purple,Arms,False,False,True,False,False,['89_2']
140,Shellder,90,Water,,Purple,Ball,False,False,False,False,False,['90']
141,Cloyster,91,Water,Ice,Purple,Ball,False,False,False,False,False,['91']
142,Gastly,92,Ghost,Poison,Purple,Ball,False,False,False,False,False,['92']
143,Haunter,93,Ghost,Poison,Purple,Arms,False,False,False,False,False,['93']
144,Gengar,94,Ghost,Poison,Purple,Upright,False,False,False,False,False,['94']
145,Gengar Gmax,94,Ghost,Poison,Purple,Upright,False,False,False,False,True,['94_g']
146,Gengar Mega,94,Ghost,Poison,Purple,Upright,False,True,False,False,False,['94_2']
147,Onix,95,Rock,Ground,Gray,Squiggle,False,False,False,False,False,['95']
148,Drowzee,96,Psychic,,Yellow,Humanoid,False,False,False,False,False,['96']
149,Hypno,97,Psychic,,Yellow,Humanoid,False,False,False,False,False,['97']
150,Krabby,98,Water,,Red,Armor,False,False,False,False,False,['98']
151,Kingler,99,Water,,Red,Armor,False,False,False,False,False,['99']
152,Kingler Gmax,99,Water,,Red,Armor,False,False,False,False,True,['99_g']
153,Voltorb,100,Electric,,Red,Ball,False,False,False,False,False,['100']
154,Electrode,101,Electric,,Red,Ball,False,False,False,False,False,['101']
155,Exeggcute,102,Grass,Psychic,Pink,Heads,False,False,False,False,False,['102']
156,Exeggutor,103,Grass,Psychic,Yellow,Legs,False,False,False,False,False,['103']
157,Exeggutor Alola,103,Grass,Dragon,Yellow,Legs,False,False,True,False,False,['103_2']
158,Cubone,104,Ground,,Brown,Upright,False,False,False,False,False,['104']
159,Marowak,105,Ground,,Brown,Upright,False,False,False,False,False,['105']
160,Marowak Alola,105,Fire,Ghost,Brown,Upright,False,False,True,False,False,['105_2']
161,Marowak Totem,105,Fire,Ghost,Brown,Upright,False,False,False,False,False,[]
162,Hitmonlee,106,Fighting,,Brown,Humanoid,False,False,False,False,False,['106']
163,Hitmonchan,107,Fighting,,Brown,Humanoid,False,False,False,False,False,['107']
164,Lickitung,108,Normal,,Pink,Upright,False,False,False,False,False,['108']
165,Koffing,109,Poison,,Purple,Ball,False,False,False,False,False,['109']
166,Weezing,110,Poison,,Purple,Heads,False,False,False,False,False,['110']
167,Weezing Galar,110,Poison,Fairy,Purple,Heads,False,False,False,True,False,['110_2']
168,Rhyhorn,111,Ground,Rock,Gray,Quadruped,False,False,False,False,False,['111']
169,Rhydon,112,Ground,Rock,Gray,Upright,False,False,False,False,False,['112']
170,Chansey,113,Normal,,Pink,Upright,False,False,False,False,False,['113']
171,Tangela,114,Grass,,Blue,Legs,False,False,False,False,False,['114']
172,Kangaskhan,115,Normal,,Brown,Upright,False,False,False,False,False,['115']
173,Kangaskhan Mega,115,Normal,,Brown,Upright,False,True,False,False,False,['115_2']
174,Horsea,116,Water,,Blue,Blob,False,False,False,False,False,['116']
175,Seadra,117,Water,,Blue,Blob,False,False,False,False,False,['117']
176,Goldeen,118,Water,,Red,Fish,False,False,False,False,False,['118']
177,Seaking,119,Water,,Red,Fish,False,False,False,False,False,['119']
178,Staryu,120,Water,,Brown,Blob,False,False,False,False,False,['120']
179,Starmie,121,Water,Psychic,Purple,Blob,False,False,False,False,False,['121']
180,Mr Mime,122,Psychic,Fairy,Pink,Humanoid,False,False,False,False,False,['122']
181,Mr Mime Galar,122,Ice,Psychic,Pink,Humanoid,False,False,False,True,False,['122_2']
182,Scyther,123,Bug,Flying,Green,Bug-Wings,False,False,False,False,False,['123']
183,Jynx,124,Ice,Psychic,Red,Humanoid,False,False,False,False,False,['124']
184,Electabuzz,125,Electric,,Yellow,Upright,False,False,False,False,False,['125']
185,Magmar,126,Fire,,Red,Upright,False,False,False,False,False,['126']
186,Pinsir,127,Bug,,Brown,Humanoid,False,False,False,False,False,['127']
187,Pinsir Mega,127,Bug,Flying,Brown,Humanoid,False,True,False,False,False,['127_2']
188,Tauros,128,Normal,,Brown,Quadruped,False,False,False,False,False,['128']
189,Magikarp,129,Water,,Red,Fish,False,False,False,False,False,['129']
190,Gyarados,130,Water,Flying,Blue,Squiggle,False,False,False,False,False,['130']
191,Gyarados Mega,130,Water,Dark,Blue,Squiggle,False,True,False,False,False,['130_2']
192,Lapras,131,Water,Ice,Blue,Fish,False,False,False,False,False,['131']
193,Lapras Gmax,131,Water,Ice,Blue,Fish,False,False,False,False,True,['131_g']
194,Ditto,132,Normal,,Purple,Ball,False,False,False,False,False,['132']
195,Eevee,133,Normal,,Brown,Quadruped,False,False,False,False,False,['133']
196,Eevee Gmax,133,Normal,,Brown,Quadruped,False,False,False,False,True,['133_g']
197,Vaporeon,134,Water,,Blue,Quadruped,False,False,False,False,False,['134']
198,Jolteon,135,Electric,,Yellow,Quadruped,False,False,False,False,False,['135']
199,Flareon,136,Fire,,Red,Quadruped,False,False,False,False,False,['136']
200,Porygon,137,Normal,,Pink,Legs,False,False,False,False,False,['137']
201,Omanyte,138,Rock,Water,Blue,Tentacles,False,False,False,False,False,['138']
202,Omastar,139,Rock,Water,Blue,Tentacles,False,False,False,False,False,['139']
203,Kabuto,140,Rock,Water,Brown,Armor,False,False,False,False,False,['140']
204,Kabutops,141,Rock,Water,Brown,Upright,False,False,False,False,False,['141']
205,Aerodactyl,142,Rock,Flying,Purple,Wings,False,False,False,False,False,['142']
206,Aerodactyl Mega,142,Rock,Flying,Purple,Wings,False,True,False,False,False,['142_2']
207,Snorlax,143,Normal,,Black,Humanoid,False,False,False,False,False,['143']
208,Snorlax Gmax,143,Normal,,Black,Humanoid,False,False,False,False,True,['143_g']
209,Articuno,144,Ice,Flying,Blue,Wings,True,False,False,False,False,['144']
210,Articuno Galar,144,Psychic,Flying,Blue,Wings,True,False,False,True,False,['144_2']
211,Zapdos,145,Electric,Flying,Yellow,Wings,True,False,False,False,False,['145']
212,Zapdos Galar,145,Fighting,Flying,Yellow,Wings,True,False,False,True,False,['145_2']
213,Moltres,146,Fire,Flying,Yellow,Wings,True,False,False,False,False,['146']
214,Moltres Galar,146,Dark,Flying,Yellow,Wings,True,False,False,True,False,['146_2']
215,Dratini,147,Dragon,,Blue,Squiggle,False,False,False,False,False,['147']
216,Dragonair,148,Dragon,,Blue,Squiggle,False,False,False,False,False,['148']
217,Dragonite,149,Dragon,Flying,Brown,Upright,False,False,False,False,False,['149']
218,Mewtwo,150,Psychic,,Purple,Upright,True,False,False,False,False,['150']
219,Mewtwo Mega X,150,Psychic,Fighting,Purple,Upright,True,True,False,False,False,['150_2']
220,Mewtwo Mega Y,150,Psychic,,Purple,Upright,True,True,False,False,False,['150_3']
221,Mew,151,Psychic,,Pink,Upright,True,False,False,False,False,['151']
222,Chikorita,152,Grass,,Green,Quadruped,False,False,False,False,False,['152']
223,Bayleef,153,Grass,,Green,Quadruped,False,False,False,False,False,['153']
224,Meganium,154,Grass,,Green,Quadruped,False,False,False,False,False,['154']
225,Cyndaquil,155,Fire,,Yellow,Humanoid,False,False,False,False,False,['155']
226,Quilava,156,Fire,,Yellow,Quadruped,False,False,False,False,False,['156']
227,Typhlosion,157,Fire,,Yellow,Quadruped,False,False,False,False,False,['157']
228,Totodile,158,Water,,Blue,Upright,False,False,False,False,False,['158']
229,Croconaw,159,Water,,Blue,Upright,False,False,False,False,False,['159']
230,Feraligatr,160,Water,,Blue,Upright,False,False,False,False,False,['160']
231,Sentret,161,Normal,,Brown,Quadruped,False,False,False,False,False,['161']
232,Furret,162,Normal,,Brown,Quadruped,False,False,False,False,False,['162']
233,Hoothoot,163,Normal,Flying,Brown,Wings,False,False,False,False,False,['163']
234,Noctowl,164,Normal,Flying,Brown,Wings,False,False,False,False,False,['164']
235,Ledyba,165,Bug,Flying,Red,Wings,False,False,False,False,False,['165']
236,Ledian,166,Bug,Flying,Red,Wings,False,False,False,False,False,['166']
237,Spinarak,167,Bug,Poison,Green,Armor,False,False,False,False,False,['167']
238,Ariados,168,Bug,Poison,Red,Armor,False,False,False,False,False,['168']
239,Crobat,169,Poison,Flying,Purple,Bug-Wings,False,False,False,False,False,['169']
240,Chinchou,170,Water,Electric,Blue,Fish,False,False,False,False,False,['170']
241,Lanturn,171,Water,Electric,Blue,Fish,False,False,False,False,False,['171']
242,Pichu,172,Electric,,Yellow,Quadruped,False,False,False,False,False,"['172', '172-spiky-eared']"
243,Cleffa,173,Fairy,,Pink,Upright,False,False,False,False,False,['173']
244,Igglybuff,174,Normal,Fairy,Pink,Humanoid,False,False,False,False,False,['174']
245,Togepi,175,Fairy,,White,Humanoid,False,False,False,False,False,['175']
246,Togetic,176,Fairy,Flying,White,Humanoid,False,False,False,False,False,['176']
247,Natu,177,Psychic,Flying,Green,Wings,False,False,False,False,False,['177']
248,Xatu,178,Psychic,Flying,Green,Wings,False,False,False,False,False,['178']
249,Mareep,179,Electric,,White,Quadruped,False,False,False,False,False,['179']
250,Flaaffy,180,Electric,,Pink,Upright,False,False,False,False,False,['180']
251,Ampharos,181,Electric,,Yellow,Upright,False,False,False,False,False,['181']
252,Ampharos Mega,181,Electric,Dragon,Yellow,Upright,False,True,False,False,False,['181_2']
253,Bellossom,182,Grass,,Green,Humanoid,False,False,False,False,False,['182']
254,Marill,183,Water,Fairy,Blue,Upright,False,False,False,False,False,['183']
255,Azumarill,184,Water,Fairy,Blue,Upright,False,False,False,False,False,['184']
256,Sudowoodo,185,Rock,,Brown,Humanoid,False,False,False,False,False,['185']
257,Politoed,186,Water,,Green,Humanoid,False,False,False,False,False,['186']
258,Hoppip,187,Grass,Flying,Pink,Upright,False,False,False,False,False,['187']
259,Skiploom,188,Grass,Flying,Green,Upright,False,False,False,False,False,['188']
260,Jumpluff,189,Grass,Flying,Blue,Upright,False,False,False,False,False,['189']
261,Aipom,190,Normal,,Purple,Upright,False,False,False,False,False,['190']
262,Sunkern,191,Grass,,Yellow,Ball,False,False,False,False,False,['191']
263,Sunflora,192,Grass,,Yellow,Humanoid,False,False,False,False,False,['192']
264,Yanma,193,Bug,Flying,Red,Bug-Wings,False,False,False,False,False,['193']
265,Wooper,194,Water,Ground,Blue,Legs,False,False,False,False,False,['194']
266,Quagsire,195,Water,Ground,Blue,Upright,False,False,False,False,False,['195']
267,Espeon,196,Psychic,,Purple,Quadruped,False,False,False,False,False,['196']
268,Umbreon,197,Dark,,Black,Quadruped,False,False,False,False,False,['197']
269,Murkrow,198,Dark,Flying,Black,Wings,False,False,False,False,False,['198']
270,Slowking,199,Water,Psychic,Pink,Upright,False,False,False,False,False,['199']
271,Slowking Galar,199,Poison,Psychic,Pink,Upright,False,False,False,True,False,['199_2']
272,Misdreavus,200,Ghost,,Gray,Ball,False,False,False,False,False,['200']
273,Unown,201,Psychic,,Black,Ball,False,False,False,False,False,['201-a']
274,Wobbuffet,202,Psychic,,Blue,Blob,False,False,False,False,False,['202']
275,Girafarig,203,Normal,Psychic,Yellow,Quadruped,False,False,False,False,False,['203']
276,Pineco,204,Bug,,Gray,Ball,False,False,False,False,False,['204']
277,Forretress,205,Bug,Steel,Purple,Ball,False,False,False,False,False,['205']
278,Dunsparce,206,Normal,,Yellow,Squiggle,False,False,False,False,False,['206']
279,Gligar,207,Ground,Flying,Purple,Wings,False,False,False,False,False,['207']
280,Steelix,208,Steel,Ground,Gray,Squiggle,False,False,False,False,False,['208']
281,Steelix Mega,208,Steel,Ground,Gray,Squiggle,False,True,False,False,False,['208_2']
282,Snubbull,209,Fairy,,Pink,Humanoid,False,False,False,False,False,['209']
283,Granbull,210,Fairy,,Purple,Upright,False,False,False,False,False,['210']
284,Qwilfish,211,Water,Poison,Gray,Fish,False,False,False,False,False,['211']
285,Scizor,212,Bug,Steel,Red,Bug-Wings,False,False,False,False,False,['212']
286,Scizor Mega,212,Bug,Steel,Red,Bug-Wings,False,True,False,False,False,['212_2']
287,Shuckle,213,Bug,Rock,Yellow,Armor,False,False,False,False,False,['213']
288,Heracross,214,Bug,Fighting,Blue,Humanoid,False,False,False,False,False,['214']
289,Heracross Mega,214,Bug,Fighting,Blue,Humanoid,False,True,False,False,False,['214_2']
290,Sneasel,215,Dark,Ice,Black,Upright,False,False,False,False,False,['215']
291,Teddiursa,216,Normal,,Brown,Upright,False,False,False,False,False,['216']
292,Ursaring,217,Normal,,Brown,Upright,False,False,False,False,False,['217']
293,Slugma,218,Fire,,Red,Squiggle,False,False,False,False,False,['218']
294,Magcargo,219,Fire,Rock,Red,Squiggle,False,False,False,False,False,['219']
295,Swinub,220,Ice,Ground,Brown,Quadruped,False,False,False,False,False,['220']
296,Piloswine,221,Ice,Ground,Brown,Quadruped,False,False,False,False,False,['221']
297,Corsola,222,Water,Rock,Pink,Armor,False,False,False,False,False,['222']
298,Corsola Galar,222,Ghost,,Pink,Armor,False,False,False,True,False,['222_2']
299,Remoraid,223,Water,,Gray,Fish,False,False,False,False,False,['223']
300,Octillery,224,Water,,Red,Tentacles,False,False,False,False,False,['224']
301,Delibird,225,Ice,Flying,Red,Wings,False,False,False,False,False,['225']
302,Mantine,226,Water,Flying,Purple,Wings,False,False,False,False,False,['226']
303,Skarmory,227,Steel,Flying,Gray,Wings,False,False,False,False,False,['227']
304,Houndour,228,Dark,Fire,Black,Quadruped,False,False,False,False,False,['228']
305,Houndoom,229,Dark,Fire,Black,Quadruped,False,False,False,False,False,['229']
306,Houndoom Mega,229,Dark,Fire,Black,Quadruped,False,True,False,False,False,['229_2']
307,Kingdra,230,Water,Dragon,Blue,Blob,False,False,False,False,False,['230']
308,Phanpy,231,Ground,,Blue,Quadruped,False,False,False,False,False,['231']
309,Donphan,232,Ground,,Gray,Quadruped,False,False,False,False,False,['232']
310,Porygon2,233,Normal,,Red,Legs,False,False,False,False,False,['233']
311,Stantler,234,Normal,,Brown,Quadruped,False,False,False,False,False,['234']
312,Smeargle,235,Normal,,White,Upright,False,False,False,False,False,['235']
313,Tyrogue,236,Fighting,,Purple,Humanoid,False,False,False,False,False,['236']
314,Hitmontop,237,Fighting,,Brown,Upright,False,False,False,False,False,['237']
315,Smoochum,238,Ice,Psychic,Pink,Humanoid,False,False,False,False,False,['238']
316,Elekid,239,Electric,,Yellow,Humanoid,False,False,False,False,False,['239']
317,Magby,240,Fire,,Red,Upright,False,False,False,False,False,['240']
318,Miltank,241,Normal,,Pink,Upright,False,False,False,False,False,['241']
319,Blissey,242,Normal,,Pink,Humanoid,False,False,False,False,False,['242']
320,Raikou,243,Electric,,Yellow,Quadruped,True,False,False,False,False,['243']
321,Entei,244,Fire,,Brown,Quadruped,True,False,False,False,False,['244']
322,Suicune,245,Water,,Blue,Quadruped,True,False,False,False,False,['245']
323,Larvitar,246,Rock,Ground,Green,Upright,False,False,False,False,False,['246']
324,Pupitar,247,Rock,Ground,Gray,Squiggle,False,False,False,False,False,['247']
325,Tyranitar,248,Rock,Dark,Green,Upright,False,False,False,False,False,['248']
326,Tyranitar Mega,248,Rock,Dark,Green,Upright,False,True,False,False,False,['248_2']
327,Lugia,249,Psychic,Flying,White,Wings,True,False,False,False,False,['249']
328,Ho Oh,250,Fire,Flying,Red,Wings,True,False,False,False,False,['250']
329,Celebi,251,Psychic,Grass,Green,Humanoid,True,False,False,False,False,['251']
330,Treecko,252,Grass,,Green,Upright,False,False,False,False,False,['252']
331,Grovyle,253,Grass,,Green,Upright,False,False,False,False,False,['253']
332,Sceptile,254,Grass,,Green,Upright,False,False,False,False,False,['254']
333,Sceptile Mega,254,Grass,Dragon,Green,Upright,False,True,False,False,False,['254_2']
334,Torchic,255,Fire,,Red,Legs,False,False,False,False,False,['255']
335,Combusken,256,Fire,Fighting,Red,Upright,False,False,False,False,False,['256']
336,Blaziken,257,Fire,Fighting,Red,Upright,False,False,False,False,False,['257']
337,Blaziken Mega,257,Fire,Fighting,Red,Upright,False,True,False,False,False,['257_2']
338,Mudkip,258,Water,,Blue,Quadruped,False,False,False,False,False,['258']
339,Marshtomp,259,Water,Ground,Blue,Upright,False,False,False,False,False,['259']
340,Swampert,260,Water,Ground,Blue,Upright,False,False,False,False,False,['260']
341,Swampert Mega,260,Water,Ground,Blue,Upright,False,True,False,False,False,['260_2']
342,Poochyena,261,Dark,,Gray,Quadruped,False,False,False,False,False,['261']
343,Mightyena,262,Dark,,Gray,Quadruped,False,False,False,False,False,['262']
344,Zigzagoon,263,Normal,,Brown,Quadruped,False,False,False,False,False,['263']
345,Zigzagoon Galar,263,Dark,Normal,Brown,Quadruped,False,False,False,True,False,['263_2']
346,Linoone,264,Normal,,White,Quadruped,False,False,False,False,False,['264']
347,Linoone Galar,264,Dark,Normal,White,Quadruped,False,False,False,True,False,['264_2']
348,Wurmple,265,Bug,,Red,Armor,False,False,False,False,False,['265']
349,Silcoon,266,Bug,,White,Ball,False,False,False,False,False,['266']
350,Beautifly,267,Bug,Flying,Yellow,Bug-Wings,False,False,False,False,False,['267']
351,Cascoon,268,Bug,,Purple,Ball,False,False,False,False,False,['268']
352,Dustox,269,Bug,Poison,Green,Bug-Wings,False,False,False,False,False,['269']
353,Lotad,270,Water,Grass,Green,Armor,False,False,False,False,False,['270']
354,Lombre,271,Water,Grass,Green,Humanoid,False,False,False,False,False,['271']
355,Ludicolo,272,Water,Grass,Green,Humanoid,False,False,False,False,False,['272']
356,Seedot,273,Grass,,Brown,Legs,False,False,False,False,False,['273']
357,Nuzleaf,274,Grass,Dark,Brown,Humanoid,False,False,False,False,False,['274']
358,Shiftry,275,Grass,Dark,Brown,Humanoid,False,False,False,False,False,['275']
359,Taillow,276,Normal,Flying,Blue,Wings,False,False,False,False,False,['276']
360,Swellow,277,Normal,Flying,Blue,Wings,False,False,False,False,False,['277']
361,Wingull,278,Water,Flying,White,Wings,False,False,False,False,False,['278']
362,Pelipper,279,Water,Flying,Yellow,Wings,False,False,False,False,False,['279']
363,Ralts,280,Psychic,Fairy,White,Humanoid,False,False,False,False,False,['280']
364,Kirlia,281,Psychic,Fairy,White,Humanoid,False,False,False,False,False,['281']
365,Gardevoir,282,Psychic,Fairy,White,Humanoid,False,False,False,False,False,['282']
366,Gardevoir Mega,282,Psychic,Fairy,White,Humanoid,False,True,False,False,False,['282_2']
367,Surskit,283,Bug,Water,Blue,Armor,False,False,False,False,False,['283']
368,Masquerain,284,Bug,Flying,Blue,Bug-Wings,False,False,False,False,False,['284']
369,Shroomish,285,Grass,,Brown,Legs,False,False,False,False,False,['285']
370,Breloom,286,Grass,Fighting,Green,Upright,False,False,False,False,False,['286']
371,Slakoth,287,Normal,,Brown,Quadruped,False,False,False,False,False,['287']
372,Vigoroth,288,Normal,,White,Upright,False,False,False,False,False,['288']
373,Slaking,289,Normal,,Brown,Humanoid,False,False,False,False,False,['289']
374,Nincada,290,Bug,Ground,Gray,Armor,False,False,False,False,False,['290']
375,Ninjask,291,Bug,Flying,Yellow,Bug-Wings,False,False,False,False,False,['291']
376,Shedinja,292,Bug,Ghost,Brown,Blob,False,False,False,False,False,['292']
377,Whismur,293,Normal,,Pink,Upright,False,False,False,False,False,['293']
378,Loudred,294,Normal,,Blue,Upright,False,False,False,False,False,['294']
379,Exploud,295,Normal,,Blue,Upright,False,False,False,False,False,['295']
380,Makuhita,296,Fighting,,Yellow,Humanoid,False,False,False,False,False,['296']
381,Hariyama,297,Fighting,,Brown,Humanoid,False,False,False,False,False,['297']
382,Azurill,298,Normal,Fairy,Blue,Legs,False,False,False,False,False,['298']
383,Nosepass,299,Rock,,Gray,Humanoid,False,False,False,False,False,['299']
384,Skitty,300,Normal,,Pink,Quadruped,False,False,False,False,False,['300']
385,Delcatty,301,Normal,,Purple,Quadruped,False,False,False,False,False,['301']
386,Sableye,302,Dark,Ghost,Purple,Humanoid,False,False,False,False,False,['302']
387,Sableye Mega,302,Dark,Ghost,Purple,Humanoid,False,True,False,False,False,['302_2']
388,Mawile,303,Steel,Fairy,Black,Humanoid,False,False,False,False,False,['303']
389,Mawile Mega,303,Steel,Fairy,Black,Humanoid,False,True,False,False,False,['303_2']
390,Aron,304,Steel,Rock,Gray,Quadruped,False,False,False,False,False,['304']
391,Lairon,305,Steel,Rock,Gray,Quadruped,False,False,False,False,False,['305']
392,Aggron,306,Steel,Rock,Gray,Upright,False,False,False,False,False,['306']
393,Aggron Mega,306,Steel,,Gray,Upright,False,True,False,False,False,['306_2']
394,Meditite,307,Fighting,Psychic,Blue,Humanoid,False,False,False,False,False,['307']
395,Medicham,308,Fighting,Psychic,Red,Humanoid,False,False,False,False,False,['308']
396,Medicham Mega,308,Fighting,Psychic,Red,Humanoid,False,True,False,False,False,['308_2']
397,Electrike,309,Electric,,Green,Quadruped,False,False,False,False,False,['309']
398,Manectric,310,Electric,,Yellow,Quadruped,False,False,False,False,False,['310']
399,Manectric Mega,310,Electric,,Yellow,Quadruped,False,True,False,False,False,['310_2']
400,Plusle,311,Electric,,Yellow,Upright,False,False,False,False,False,['311']
401,Minun,312,Electric,,Yellow,Upright,False,False,False,False,False,['312']
402,Volbeat,313,Bug,,Gray,Upright,False,False,False,False,False,['313']
403,Illumise,314,Bug,,Purple,Humanoid,False,False,False,False,False,['314']
404,Roselia,315,Grass,Poison,Green,Humanoid,False,False,False,False,False,['315']
405,Gulpin,316,Poison,,Green,Arms,False,False,False,False,False,['316']
406,Swalot,317,Poison,,Purple,Arms,False,False,False,False,False,['317']
407,Carvanha,318,Water,Dark,Red,Fish,False,False,False,False,False,['318']
408,Sharpedo,319,Water,Dark,Blue,Fish,False,False,False,False,False,['319']
409,Sharpedo Mega,319,Water,Dark,Blue,Fish,False,True,False,False,False,['319_2']
410,Wailmer,320,Water,,Blue,Fish,False,False,False,False,False,['320']
411,Wailord,321,Water,,Blue,Fish,False,False,False,False,False,['321']
412,Numel,322,Fire,Ground,Yellow,Quadruped,False,False,False,False,False,['322']
413,Camerupt,323,Fire,Ground,Red,Quadruped,False,False,False,False,False,['323']
414,Camerupt Mega,323,Fire,Ground,Red,Quadruped,False,True,False,False,False,['323_2']
415,Torkoal,324,Fire,,Brown,Quadruped,False,False,False,False,False,['324']
416,Spoink,325,Psychic,,Black,Arms,False,False,False,False,False,['325']
417,Grumpig,326,Psychic,,Purple,Upright,False,False,False,False,False,['326']
418,Spinda,327,Normal,,Brown,Upright,False,False,False,False,False,['327']
419,Trapinch,328,Ground,,Brown,Armor,False,False,False,False,False,['328']
420,Vibrava,329,Ground,Dragon,Green,Bug-Wings,False,False,False,False,False,['329']
421,Flygon,330,Ground,Dragon,Green,Wings,False,False,False,False,False,['330']
422,Cacnea,331,Grass,,Green,Humanoid,False,False,False,False,False,['331']
423,Cacturne,332,Grass,Dark,Green,Humanoid,False,False,False,False,False,['332']
424,Swablu,333,Normal,Flying,Blue,Wings,False,False,False,False,False,['333']
425,Altaria,334,Dragon,Flying,Blue,Wings,False,False,False,False,False,['334']
426,Altaria Mega,334,Dragon,Fairy,Blue,Wings,False,True,False,False,False,['334_2']
427,Zangoose,335,Normal,,White,Upright,False,False,False,False,False,['335']
428,Seviper,336,Poison,,Black,Squiggle,False,False,False,False,False,['336']
429,Lunatone,337,Rock,Psychic,Yellow,Ball,False,False,False,False,False,['337']
430,Solrock,338,Rock,Psychic,Red,Ball,False,False,False,False,False,['338']
431,Barboach,339,Water,Ground,Gray,Fish,False,False,False,False,False,['339']
432,Whiscash,340,Water,Ground,Blue,Fish,False,False,False,False,False,['340']
433,Corphish,341,Water,,Red,Armor,False,False,False,False,False,['341']
434,Crawdaunt,342,Water,Dark,Red,Armor,False,False,False,False,False,['342']
435,Baltoy,343,Ground,Psychic,Brown,Arms,False,False,False,False,False,['343']
436,Claydol,344,Ground,Psychic,Black,Arms,False,False,False,False,False,['344']
437,Lileep,345,Rock,Grass,Purple,Blob,False,False,False,False,False,['345']
438,Cradily,346,Rock,Grass,Green,Blob,False,False,False,False,False,['346']
439,Anorith,347,Rock,Bug,Gray,Armor,False,False,False,False,False,['347']
440,Armaldo,348,Rock,Bug,Gray,Upright,False,False,False,False,False,['348']
441,Feebas,349,Water,,Brown,Fish,False,False,False,False,False,['349']
442,Milotic,350,Water,,Pink,Squiggle,False,False,False,False,False,['350']
443,Castform,351,Normal,,Gray,Ball,False,False,False,False,False,['351']
444,Castform Rainy,351,Water,,Gray,Ball,False,False,False,False,False,['351-rainy']
445,Castform Snowy,351,Ice,,Gray,Ball,False,False,False,False,False,['351-snowy']
446,Castform Sunny,351,Fire,,Gray,Ball,False,False,False,False,False,['351-sunny']
447,Kecleon,352,Normal,,Green,Upright,False,False,False,False,False,['352']
448,Shuppet,353,Ghost,,Black,Ball,False,False,False,False,False,['353']
449,Banette,354,Ghost,,Black,Upright,False,False,False,False,False,['354']
450,Banette Mega,354,Ghost,,Black,Upright,False,True,False,False,False,['354_2']
451,Duskull,355,Ghost,,Black,Arms,False,False,False,False,False,['355']
452,Dusclops,356,Ghost,,Black,Humanoid,False,False,False,False,False,['356']
453,Tropius,357,Grass,Flying,Green,Quadruped,False,False,False,False,False,['357']
454,Chimecho,358,Psychic,,Blue,Arms,False,False,False,False,False,['358']
455,Absol,359,Dark,,White,Quadruped,False,False,False,False,False,['359']
456,Absol Mega,359,Dark,,White,Quadruped,False,True,False,False,False,['359_2']
457,Wynaut,360,Psychic,,Blue,Upright,False,False,False,False,False,['360']
458,Snorunt,361,Ice,,Gray,Humanoid,False,False,False,False,False,['361']
459,Glalie,362,Ice,,Gray,Ball,False,False,False,False,False,['362']
460,Glalie Mega,362,Ice,,Gray,Ball,False,True,False,False,False,['362_2']
461,Spheal,363,Ice,Water,Blue,Fish,False,False,False,False,False,['363']
462,Sealeo,364,Ice,Water,Blue,Fish,False,False,False,False,False,['364']
463,Walrein,365,Ice,Water,Blue,Quadruped,False,False,False,False,False,['365']
464,Clamperl,366,Water,,Blue,Ball,False,False,False,False,False,['366']
465,Huntail,367,Water,,Blue,Squiggle,False,False,False,False,False,['367']
466,Gorebyss,368,Water,,Pink,Squiggle,False,False,False,False,False,['368']
467,Relicanth,369,Water,Rock,Gray,Fish,False,False,False,False,False,['369']
468,Luvdisc,370,Water,,Pink,Fish,False,False,False,False,False,['370']
469,Bagon,371,Dragon,,Blue,Humanoid,False,False,False,False,False,['371']
470,Shelgon,372,Dragon,,White,Quadruped,False,False,False,False,False,['372']
471,Salamence,373,Dragon,Flying,Blue,Quadruped,False,False,False,False,False,['373']
472,Salamence Mega,373,Dragon,Flying,Blue,Quadruped,False,True,False,False,False,['373_2']
473,Beldum,374,Steel,Psychic,Blue,Blob,False,False,False,False,False,['374']
474,Metang,375,Steel,Psychic,Blue,Arms,False,False,False,False,False,['375']
475,Metagross,376,Steel,Psychic,Blue,Heads,False,False,False,False,False,['376']
476,Metagross Mega,376,Steel,Psychic,Blue,Heads,False,True,False,False,False,['376_2']
477,Regirock,377,Rock,,Brown,Humanoid,True,False,False,False,False,['377']
478,Regice,378,Ice,,Blue,Humanoid,True,False,False,False,False,['378']
479,Registeel,379,Steel,,Gray,Humanoid,True,False,False,False,False,['379']
480,Latias,380,Dragon,Psychic,Red,Wings,True,False,False,False,False,['380']
481,Latias Mega,380,Dragon,Psychic,Red,Wings,True,True,False,False,False,['380_2']
482,Latios,381,Dragon,Psychic,Blue,Wings,True,False,False,False,False,['381']
483,Latios Mega,381,Dragon,Psychic,Blue,Wings,True,True,False,False,False,['381_2']
484,Kyogre,382,Water,,Blue,Fish,True,False,False,False,False,['382']
485,Kyogre Primal,382,Water,,Blue,Fish,True,True,False,False,False,['382_2']
486,Groudon,383,Ground,,Red,Upright,True,False,False,False,False,['383']
487,Groudon Primal,383,Ground,Fire,Red,Upright,True,True,False,False,False,['383_2']
488,Rayquaza,384,Dragon,Flying,Green,Squiggle,True,False,False,False,False,['384']
489,Rayquaza Mega,384,Dragon,Flying,Green,Squiggle,True,True,False,False,False,['384_2']
490,Jirachi,385,Steel,Psychic,Yellow,Humanoid,True,False,False,False,False,['385']
491,Deoxys Attack,386,Psychic,,Red,Humanoid,True,False,False,False,False,['386-attack']
492,Deoxys Defense,386,Psychic,,Red,Humanoid,True,False,False,False,False,['386-defense']
493,Deoxys Normal,386,Psychic,,Red,Humanoid,True,False,False,False,False,['386-normal']
494,Deoxys Speed,386,Psychic,,Red,Humanoid,True,False,False,False,False,['386-speed']
495,Turtwig,387,Grass,,Green,Quadruped,False,False,False,False,False,['387']
496,Grotle,388,Grass,,Green,Quadruped,False,False,False,False,False,['388']
497,Torterra,389,Grass,Ground,Green,Quadruped,False,False,False,False,False,['389']
498,Chimchar,390,Fire,,Brown,Upright,False,False,False,False,False,['390']
499,Monferno,391,Fire,Fighting,Brown,Upright,False,False,False,False,False,['391']
500,Infernape,392,Fire,Fighting,Brown,Upright,False,False,False,False,False,['392']
501,Piplup,393,Water,,Blue,Humanoid,False,False,False,False,False,['393']
502,Prinplup,394,Water,,Blue,Upright,False,False,False,False,False,['394']
503,Empoleon,395,Water,Steel,Blue,Upright,False,False,False,False,False,['395']
504,Starly,396,Normal,Flying,Brown,Wings,False,False,False,False,False,['396']
505,Staravia,397,Normal,Flying,Brown,Wings,False,False,False,False,False,['397']
506,Staraptor,398,Normal,Flying,Brown,Wings,False,False,False,False,False,['398']
507,Bidoof,399,Normal,,Brown,Quadruped,False,False,False,False,False,['399']
508,Bibarel,400,Normal,Water,Brown,Upright,False,False,False,False,False,['400']
509,Kricketot,401,Bug,,Red,Humanoid,False,False,False,False,False,['401']
510,Kricketune,402,Bug,,Red,Bug-Wings,False,False,False,False,False,['402']
511,Shinx,403,Electric,,Blue,Quadruped,False,False,False,False,False,['403']
512,Luxio,404,Electric,,Blue,Quadruped,False,False,False,False,False,['404']
513,Luxray,405,Electric,,Blue,Quadruped,False,False,False,False,False,['405']
514,Budew,406,Grass,Poison,Green,Humanoid,False,False,False,False,False,['406']
515,Roserade,407,Grass,Poison,Green,Humanoid,False,False,False,False,False,['407']
516,Cranidos,408,Rock,,Blue,Upright,False,False,False,False,False,['408']
517,Rampardos,409,Rock,,Blue,Upright,False,False,False,False,False,['409']
518,Shieldon,410,Rock,Steel,Gray,Quadruped,False,False,False,False,False,['410']
519,Bastiodon,411,Rock,Steel,Gray,Quadruped,False,False,False,False,False,['411']
520,Burmy,412,Bug,,Green,Blob,False,False,False,False,False,"['412-plant', '412-sandy', '412-trash']"
521,Wormadam Plant,413,Bug,Grass,Green,Blob,False,False,False,False,False,['413-plant']
522,Wormadam Sandy,413,Bug,Ground,Green,Blob,False,False,False,False,False,['413-sandy']
523,Wormadam Trash,413,Bug,Steel,Green,Blob,False,False,False,False,False,['413-trash']
524,Mothim,414,Bug,Flying,Yellow,Bug-Wings,False,False,False,False,False,['414']
525,Combee,415,Bug,Flying,Yellow,Heads,False,False,False,False,False,['415']
526,Vespiquen,416,Bug,Flying,Yellow,Bug-Wings,False,False,False,False,False,['416']
527,Pachirisu,417,Electric,,White,Quadruped,False,False,False,False,False,['417']
528,Buizel,418,Water,,Brown,Quadruped,False,False,False,False,False,['418']
529,Floatzel,419,Water,,Brown,Quadruped,False,False,False,False,False,['419']
530,Cherubi,420,Grass,,Pink,Heads,False,False,False,False,False,['420']
531,Cherrim,421,Grass,,Purple,Legs,False,False,False,False,False,"['421-overcast', '421-sunshine']"
532,Shellos,422,Water,,Purple,Squiggle,False,False,False,False,False,"['422-east', '422-west']"
533,Gastrodon,423,Water,Ground,Purple,Squiggle,False,False,False,False,False,"['423-east', '423-west']"
534,Ambipom,424,Normal,,Purple,Upright,False,False,False,False,False,['424']
535,Drifloon,425,Ghost,Flying,Purple,Arms,False,False,False,False,False,['425']
536,Drifblim,426,Ghost,Flying,Purple,Arms,False,False,False,False,False,['426']
537,Buneary,427,Normal,,Brown,Upright,False,False,False,False,False,['427']
538,Lopunny,428,Normal,,Brown,Upright,False,False,False,False,False,['428']
539,Lopunny Mega,428,Normal,Fighting,Brown,Upright,False,True,False,False,False,['428_2']
540,Mismagius,429,Ghost,,Purple,Ball,False,False,False,False,False,['429']
541,Honchkrow,430,Dark,Flying,Black,Wings,False,False,False,False,False,['430']
542,Glameow,431,Normal,,Gray,Quadruped,False,False,False,False,False,['431']
543,Purugly,432,Normal,,Gray,Quadruped,False,False,False,False,False,['432']
544,Chingling,433,Psychic,,Yellow,Humanoid,False,False,False,False,False,['433']
545,Stunky,434,Poison,Dark,Purple,Quadruped,False,False,False,False,False,['434']
546,Skuntank,435,Poison,Dark,Purple,Quadruped,False,False,False,False,False,['435']
547,Bronzor,436,Steel,Psychic,Green,Ball,False,False,False,False,False,['436']
548,Bronzong,437,Steel,Psychic,Green,Arms,False,False,False,False,False,['437']
549,Bonsly,438,Rock,,Brown,Legs,False,False,False,False,False,['438']
550,Mime Jr,439,Psychic,Fairy,Pink,Humanoid,False,False,False,False,False,['439']
551,Happiny,440,Normal,,Pink,Humanoid,False,False,False,False,False,['440']
552,Chatot,441,Normal,Flying,Black,Wings,False,False,False,False,False,['441']
553,Spiritomb,442,Ghost,Dark,Purple,Blob,False,False,False,False,False,['442']
554,Gible,443,Dragon,Ground,Blue,Upright,False,False,False,False,False,['443']
555,Gabite,444,Dragon,Ground,Blue,Upright,False,False,False,False,False,['444']
556,Garchomp,445,Dragon,Ground,Blue,Upright,False,False,False,False,False,['445']
557,Garchomp Mega,445,Dragon,Ground,Blue,Upright,False,True,False,False,False,['445_2']
558,Munchlax,446,Normal,,Black,Humanoid,False,False,False,False,False,['446']
559,Riolu,447,Fighting,,Blue,Upright,False,False,False,False,False,['447']
560,Lucario,448,Fighting,Steel,Blue,Upright,False,False,False,False,False,['448']
561,Lucario Mega,448,Fighting,Steel,Blue,Upright,False,True,False,False,False,['448_2']
562,Hippopotas,449,Ground,,Brown,Quadruped,False,False,False,False,False,['449']
563,Hippowdon,450,Ground,,Brown,Quadruped,False,False,False,False,False,['450']
564,Skorupi,451,Poison,Bug,Purple,Armor,False,False,False,False,False,['451']
565,Drapion,452,Poison,Dark,Purple,Armor,False,False,False,False,False,['452']
566,Croagunk,453,Poison,Fighting,Blue,Humanoid,False,False,False,False,False,['453']
567,Toxicroak,454,Poison,Fighting,Blue,Humanoid,False,False,False,False,False,['454']
568,Carnivine,455,Grass,,Green,Tentacles,False,False,False,False,False,['455']
569,Finneon,456,Water,,Blue,Fish,False,False,False,False,False,['456']
570,Lumineon,457,Water,,Blue,Fish,False,False,False,False,False,['457']
571,Mantyke,458,Water,Flying,Blue,Wings,False,False,False,False,False,['458']
572,Snover,459,Grass,Ice,White,Upright,False,False,False,False,False,['459']
573,Abomasnow,460,Grass,Ice,White,Upright,False,False,False,False,False,['460']
574,Abomasnow Mega,460,Grass,Ice,White,Upright,False,True,False,False,False,['460_2']
575,Weavile,461,Dark,Ice,Black,Upright,False,False,False,False,False,['461']
576,Magnezone,462,Electric,Steel,Gray,Arms,False,False,False,False,False,['462']
577,Lickilicky,463,Normal,,Pink,Humanoid,False,False,False,False,False,['463']
578,Rhyperior,464,Ground,Rock,Gray,Upright,False,False,False,False,False,['464']
579,Tangrowth,465,Grass,,Blue,Humanoid,False,False,False,False,False,['465']
580,Electivire,466,Electric,,Yellow,Upright,False,False,False,False,False,['466']
581,Magmortar,467,Fire,,Red,Upright,False,False,False,False,False,['467']
582,Togekiss,468,Fairy,Flying,White,Wings,False,False,False,False,False,['468']
583,Yanmega,469,Bug,Flying,Green,Bug-Wings,False,False,False,False,False,['469']
584,Leafeon,470,Grass,,Green,Quadruped,False,False,False,False,False,['470']
585,Glaceon,471,Ice,,Blue,Quadruped,False,False,False,False,False,['471']
586,Gliscor,472,Ground,Flying,Purple,Wings,False,False,False,False,False,['472']
587,Mamoswine,473,Ice,Ground,Brown,Quadruped,False,False,False,False,False,['473']
588,Porygon Z,474,Normal,,Red,Arms,False,False,False,False,False,['474']
589,Gallade,475,Psychic,Fighting,White,Humanoid,False,False,False,False,False,['475']
590,Gallade Mega,475,Psychic,Fighting,White,Humanoid,False,True,False,False,False,['475_2']
591,Probopass,476,Rock,Steel,Gray,Heads,False,False,False,False,False,['476']
592,Dusknoir,477,Ghost,,Black,Arms,False,False,False,False,False,['477']
593,Froslass,478,Ice,Ghost,White,Arms,False,False,False,False,False,['478']
594,Rotom,479,Electric,Ghost,Red,Ball,False,False,False,False,False,['479']
595,Rotom Fan,479,Electric,Flying,Red,Ball,False,False,False,False,False,['479-fan']
596,Rotom Frost,479,Electric,Ice,Red,Ball,False,False,False,False,False,['479-frost']
597,Rotom Heat,479,Electric,Fire,Red,Ball,False,False,False,False,False,['479-heat']
598,Rotom Mow,479,Electric,Grass,Red,Ball,False,False,False,False,False,['479-mow']
599,Rotom Wash,479,Electric,Water,Red,Ball,False,False,False,False,False,['479-wash']
600,Uxie,480,Psychic,,Yellow,Upright,True,False,False,False,False,['480']
601,Mesprit,481,Psychic,,Pink,Upright,True,False,False,False,False,['481']
602,Azelf,482,Psychic,,Blue,Upright,True,False,False,False,False,['482']
603,Dialga,483,Steel,Dragon,White,Quadruped,True,False,False,False,False,['483']
604,Palkia,484,Water,Dragon,Purple,Upright,True,False,False,False,False,['484']
605,Heatran,485,Fire,Steel,Brown,Quadruped,True,False,False,False,False,['485']
606,Regigigas,486,Normal,,White,Humanoid,True,False,False,False,False,['486']
607,Giratina Altered,487,Ghost,Dragon,Black,Tentacles,True,False,False,False,False,['487-altered']
608,Giratina Origin,487,Ghost,Dragon,Black,Tentacles,True,False,False,False,False,['487-origin']
609,Cresselia,488,Psychic,,Yellow,Squiggle,True,False,False,False,False,['488']
610,Phione,489,Water,,Blue,Arms,True,False,False,False,False,['489']
611,Manaphy,490,Water,,Blue,Humanoid,True,False,False,False,False,['490']
612,Darkrai,491,Dark,,Black,Humanoid,True,False,False,False,False,['491']
613,Shaymin Land,492,Grass,,Green,Quadruped,True,False,False,False,False,['492-land']
614,Shaymin Sky,492,Grass,Flying,Green,Quadruped,True,False,False,False,False,['492-sky']
615,Arceus,493,Normal,,White,Quadruped,True,False,False,False,False,['493']
616,Victini,494,Psychic,Fire,Yellow,Humanoid,True,False,False,False,False,['494']
617,Snivy,495,Grass,,Green,Upright,False,False,False,False,False,['495']
618,Servine,496,Grass,,Green,Upright,False,False,False,False,False,['496']
619,Serperior,497,Grass,,Green,Squiggle,False,False,False,False,False,['497']
620,Tepig,498,Fire,,Red,Quadruped,False,False,False,False,False,['498']
621,Pignite,499,Fire,Fighting,Red,Upright,False,False,False,False,False,['499']
622,Emboar,500,Fire,Fighting,Red,Upright,False,False,False,False,False,['500']
623,Oshawott,501,Water,,Blue,Upright,False,False,False,False,False,['501']
624,Dewott,502,Water,,Blue,Upright,False,False,False,False,False,['502']
625,Samurott,503,Water,,Blue,Quadruped,False,False,False,False,False,['503']
626,Patrat,504,Normal,,Brown,Quadruped,False,False,False,False,False,['504']
627,Watchog,505,Normal,,Brown,Upright,False,False,False,False,False,['505']
628,Lillipup,506,Normal,,Brown,Quadruped,False,False,False,False,False,['506']
629,Herdier,507,Normal,,Gray,Quadruped,False,False,False,False,False,['507']
630,Stoutland,508,Normal,,Gray,Quadruped,False,False,False,False,False,['508']
631,Purrloin,509,Dark,,Purple,Quadruped,False,False,False,False,False,['509']
632,Liepard,510,Dark,,Purple,Quadruped,False,False,False,False,False,['510']
633,Pansage,511,Grass,,Green,Upright,False,False,False,False,False,['511']
634,Simisage,512,Grass,,Green,Upright,False,False,False,False,False,['512']
635,Pansear,513,Fire,,Red,Upright,False,False,False,False,False,['513']
636,Simisear,514,Fire,,Red,Upright,False,False,False,False,False,['514']
637,Panpour,515,Water,,Blue,Upright,False,False,False,False,False,['515']
638,Simipour,516,Water,,Blue,Upright,False,False,False,False,False,['516']
639,Munna,517,Psychic,,Pink,Quadruped,False,False,False,False,False,['517']
640,Musharna,518,Psychic,,Pink,Humanoid,False,False,False,False,False,['518']
641,Pidove,519,Normal,Flying,Gray,Wings,False,False,False,False,False,['519']
642,Tranquill,520,Normal,Flying,Gray,Wings,False,False,False,False,False,['520']
643,Unfezant,521,Normal,Flying,Gray,Wings,False,False,False,False,False,['521']
644,Blitzle,522,Electric,,Black,Quadruped,False,False,False,False,False,['522']
645,Zebstrika,523,Electric,,Black,Quadruped,False,False,False,False,False,['523']
646,Roggenrola,524,Rock,,Blue,Legs,False,False,False,False,False,['524']
647,Boldore,525,Rock,,Blue,Tentacles,False,False,False,False,False,['525']
648,Gigalith,526,Rock,,Blue,Tentacles,False,False,False,False,False,['526']
649,Woobat,527,Psychic,Flying,Blue,Wings,False,False,False,False,False,['527']
650,Swoobat,528,Psychic,Flying,Blue,Wings,False,False,False,False,False,['528']
651,Drilbur,529,Ground,,Gray,Upright,False,False,False,False,False,['529']
652,Excadrill,530,Ground,Steel,Gray,Humanoid,False,False,False,False,False,['530']
653,Audino,531,Normal,,Pink,Upright,False,False,False,False,False,['531']
654,Audino Mega,531,Normal,Fairy,Pink,Upright,False,True,False,False,False,['531_2']
655,Timburr,532,Fighting,,Gray,Humanoid,False,False,False,False,False,['532']
656,Gurdurr,533,Fighting,,Gray,Humanoid,False,False,False,False,False,['533']
657,Conkeldurr,534,Fighting,,Brown,Humanoid,False,False,False,False,False,['534']
658,Tympole,535,Water,,Blue,Fish,False,False,False,False,False,['535']
659,Palpitoad,536,Water,Ground,Blue,Upright,False,False,False,False,False,['536']
660,Seismitoad,537,Water,Ground,Blue,Humanoid,False,False,False,False,False,['537']
661,Throh,538,Fighting,,Red,Humanoid,False,False,False,False,False,['538']
662,Sawk,539,Fighting,,Blue,Humanoid,False,False,False,False,False,['539']
663,Sewaddle,540,Bug,Grass,Yellow,Armor,False,False,False,False,False,['540']
664,Swadloon,541,Bug,Grass,Green,Arms,False,False,False,False,False,['541']
665,Leavanny,542,Bug,Grass,Yellow,Humanoid,False,False,False,False,False,['542']
666,Venipede,543,Bug,Poison,Red,Armor,False,False,False,False,False,['543']
667,Whirlipede,544,Bug,Poison,Gray,Ball,False,False,False,False,False,['544']
668,Scolipede,545,Bug,Poison,Red,Armor,False,False,False,False,False,['545']
669,Cottonee,546,Grass,Fairy,Green,Ball,False,False,False,False,False,['546']
670,Whimsicott,547,Grass,Fairy,Green,Humanoid,False,False,False,False,False,['547']
671,Petilil,548,Grass,,Green,Blob,False,False,False,False,False,['548']
672,Lilligant,549,Grass,,Green,Blob,False,False,False,False,False,['549']
673,Basculin Blue Striped,550,Water,,Green,Fish,False,False,False,False,False,['550-blue-striped']
674,Basculin Red Striped,550,Water,,Green,Fish,False,False,False,False,False,['550-red-striped']
675,Sandile,551,Ground,Dark,Brown,Quadruped,False,False,False,False,False,['551']
676,Krokorok,552,Ground,Dark,Brown,Quadruped,False,False,False,False,False,['552']
677,Krookodile,553,Ground,Dark,Red,Upright,False,False,False,False,False,['553']
678,Darumaka,554,Fire,,Red,Humanoid,False,False,False,False,False,['554']
679,Darumaka Galar,554,Ice,,Red,Humanoid,False,False,False,True,False,['554_2']
680,Darmanitan Standard,555,Fire,,Red,Quadruped,False,False,False,False,False,['555-standard']
681,Darmanitan Standard Galar,555,Ice,,Red,Quadruped,False,False,False,True,False,['555_3']
682,Darmanitan Zen,555,Fire,Psychic,Red,Quadruped,False,False,False,False,False,['555-zen']
683,Darmanitan Zen Galar,555,Ice,Fire,Red,Quadruped,False,False,False,True,False,['555_4']
684,Maractus,556,Grass,,Green,Blob,False,False,False,False,False,['556']
685,Dwebble,557,Bug,Rock,Red,Armor,False,False,False,False,False,['557']
686,Crustle,558,Bug,Rock,Red,Armor,False,False,False,False,False,['558']
687,Scraggy,559,Dark,Fighting,Yellow,Upright,False,False,False,False,False,['559']
688,Scrafty,560,Dark,Fighting,Red,Upright,False,False,False,False,False,['560']
689,Sigilyph,561,Psychic,Flying,Black,Wings,False,False,False,False,False,['561']
690,Yamask,562,Ghost,,Black,Arms,False,False,False,False,False,['562']
691,Yamask Galar,562,Ground,Ghost,Black,Arms,False,False,False,True,False,['562_2']
692,Cofagrigus,563,Ghost,,Yellow,Blob,False,False,False,False,False,['563']
693,Tirtouga,564,Water,Rock,Blue,Quadruped,False,False,False,False,False,['564']
694,Carracosta,565,Water,Rock,Blue,Upright,False,False,False,False,False,['565']
695,Archen,566,Rock,Flying,Yellow,Wings,False,False,False,False,False,['566']
696,Archeops,567,Rock,Flying,Yellow,Wings,False,False,False,False,False,['567']
697,Trubbish,568,Poison,,Green,Humanoid,False,False,False,False,False,['568']
698,Garbodor,569,Poison,,Green,Humanoid,False,False,False,False,False,['569']
699,Garbodor Gmax,569,Poison,,Green,Humanoid,False,False,False,False,True,['569_g']
700,Zorua,570,Dark,,Gray,Quadruped,False,False,False,False,False,['570']
701,Zoroark,571,Dark,,Gray,Upright,False,False,False,False,False,['571']
702,Minccino,572,Normal,,Gray,Quadruped,False,False,False,False,False,['572']
703,Cinccino,573,Normal,,Gray,Quadruped,False,False,False,False,False,['573']
704,Gothita,574,Psychic,,Purple,Humanoid,False,False,False,False,False,['574']
705,Gothorita,575,Psychic,,Purple,Humanoid,False,False,False,False,False,['575']
706,Gothitelle,576,Psychic,,Purple,Humanoid,False,False,False,False,False,['576']
707,Solosis,577,Psychic,,Green,Ball,False,False,False,False,False,['577']
708,Duosion,578,Psychic,,Green,Ball,False,False,False,False,False,['578']
709,Reuniclus,579,Psychic,,Green,Arms,False,False,False,False,False,['579']
710,Ducklett,580,Water,Flying,Blue,Wings,False,False,False,False,False,['580']
711,Swanna,581,Water,Flying,White,Wings,False,False,False,False,False,['581']
712,Vanillite,582,Ice,,White,Blob,False,False,False,False,False,['582']
713,Vanillish,583,Ice,,White,Blob,False,False,False,False,False,['583']
714,Vanilluxe,584,Ice,,White,Heads,False,False,False,False,False,['584']
715,Deerling,585,Normal,Grass,Pink,Quadruped,False,False,False,False,False,"['585-spring', '585-summer', '585-autumn', '585-winter']"
716,Sawsbuck,586,Normal,Grass,Brown,Quadruped,False,False,False,False,False,"['586-spring', '586-summer', '586-autumn', '586-winter']"
717,Emolga,587,Electric,Flying,White,Quadruped,False,False,False,False,False,['587']
718,Karrablast,588,Bug,,Blue,Humanoid,False,False,False,False,False,['588']
719,Escavalier,589,Bug,Steel,Gray,Arms,False,False,False,False,False,['589']
720,Foongus,590,Grass,Poison,White,Arms,False,False,False,False,False,['590']
721,Amoonguss,591,Grass,Poison,White,Arms,False,False,False,False,False,['591']
722,Frillish,592,Water,Ghost,White,Tentacles,False,False,False,False,False,['592']
723,Jellicent,593,Water,Ghost,White,Tentacles,False,False,False,False,False,['593']
724,Alomomola,594,Water,,Pink,Fish,False,False,False,False,False,['594']
725,Joltik,595,Bug,Electric,Yellow,Armor,False,False,False,False,False,['595']
726,Galvantula,596,Bug,Electric,Yellow,Armor,False,False,False,False,False,['596']
727,Ferroseed,597,Grass,Steel,Gray,Ball,False,False,False,False,False,['597']
728,Ferrothorn,598,Grass,Steel,Gray,Tentacles,False,False,False,False,False,['598']
729,Klink,599,Steel,,Gray,Heads,False,False,False,False,False,['599']
730,Klang,600,Steel,,Gray,Heads,False,False,False,False,False,['600']
731,Klinklang,601,Steel,,Gray,Heads,False,False,False,False,False,['601']
732,Tynamo,602,Electric,,White,Fish,False,False,False,False,False,['602']
733,Eelektrik,603,Electric,,Blue,Fish,False,False,False,False,False,['603']
734,Eelektross,604,Electric,,Blue,Fish,False,False,False,False,False,['604']
735,Elgyem,605,Psychic,,Blue,Upright,False,False,False,False,False,['605']
736,Beheeyem,606,Psychic,,Brown,Humanoid,False,False,False,False,False,['606']
737,Litwick,607,Ghost,Fire,White,Blob,False,False,False,False,False,['607']
738,Lampent,608,Ghost,Fire,Black,Arms,False,False,False,False,False,['608']
739,Chandelure,609,Ghost,Fire,Black,Arms,False,False,False,False,False,['609']
740,Axew,610,Dragon,,Green,Upright,False,False,False,False,False,['610']
741,Fraxure,611,Dragon,,Green,Upright,False,False,False,False,False,['611']
742,Haxorus,612,Dragon,,Yellow,Upright,False,False,False,False,False,['612']
743,Cubchoo,613,Ice,,White,Upright,False,False,False,False,False,['613']
744,Beartic,614,Ice,,White,Quadruped,False,False,False,False,False,['614']
745,Cryogonal,615,Ice,,Blue,Ball,False,False,False,False,False,['615']
746,Shelmet,616,Bug,,Red,Ball,False,False,False,False,False,['616']
747,Accelgor,617,Bug,,Red,Arms,False,False,False,False,False,['617']
748,Stunfisk,618,Ground,Electric,Brown,Fish,False,False,False,False,False,['618']
749,Stunfisk Galar,618,Ground,Steel,Brown,Fish,False,False,False,True,False,['618_2']
750,Mienfoo,619,Fighting,,Yellow,Upright,False,False,False,False,False,['619']
751,Mienshao,620,Fighting,,Purple,Upright,False,False,False,False,False,['620']
752,Druddigon,621,Dragon,,Red,Upright,False,False,False,False,False,['621']
753,Golett,622,Ground,Ghost,Green,Humanoid,False,False,False,False,False,['622']
754,Golurk,623,Ground,Ghost,Green,Humanoid,False,False,False,False,False,['623']
755,Pawniard,624,Dark,Steel,Red,Humanoid,False,False,False,False,False,['624']
756,Bisharp,625,Dark,Steel,Red,Humanoid,False,False,False,False,False,['625']
757,Bouffalant,626,Normal,,Brown,Quadruped,False,False,False,False,False,['626']
758,Rufflet,627,Normal,Flying,White,Wings,False,False,False,False,False,['627']
759,Braviary,628,Normal,Flying,Red,Wings,False,False,False,False,False,['628']
760,Vullaby,629,Dark,Flying,Brown,Wings,False,False,False,False,False,['629']
761,Mandibuzz,630,Dark,Flying,Brown,Wings,False,False,False,False,False,['630']
762,Heatmor,631,Fire,,Red,Upright,False,False,False,False,False,['631']
763,Durant,632,Bug,Steel,Gray,Armor,False,False,False,False,False,['632']
764,Deino,633,Dark,Dragon,Blue,Quadruped,False,False,False,False,False,['633']
765,Zweilous,634,Dark,Dragon,Blue,Quadruped,False,False,False,False,False,['634']
766,Hydreigon,635,Dark,Dragon,Blue,Upright,False,False,False,False,False,['635']
767,Larvesta,636,Bug,Fire,White,Armor,False,False,False,False,False,['636']
768,Volcarona,637,Bug,Fire,White,Bug-Wings,False,False,False,False,False,['637']
769,Cobalion,638,Steel,Fighting,Blue,Quadruped,True,False,False,False,False,['638']
770,Terrakion,639,Rock,Fighting,Gray,Quadruped,True,False,False,False,False,['639']
771,Virizion,640,Grass,Fighting,Green,Quadruped,True,False,False,False,False,['640']
772,Tornadus Incarnate,641,Flying,,Green,Arms,True,False,False,False,False,['641-incarnate']
773,Tornadus Therian,641,Flying,,Green,Arms,True,False,False,False,False,['641-therian']
774,Thundurus Incarnate,642,Electric,Flying,Blue,Arms,True,False,False,False,False,['642-incarnate']
775,Thundurus Therian,642,Electric,Flying,Blue,Arms,True,False,False,False,False,['642-therian']
776,Reshiram,643,Dragon,Fire,White,Wings,True,False,False,False,False,['643']
777,Zekrom,644,Dragon,Electric,Black,Upright,True,False,False,False,False,['644']
778,Landorus Incarnate,645,Ground,Flying,Brown,Arms,True,False,False,False,False,['645-incarnate']
779,Landorus Therian,645,Ground,Flying,Brown,Arms,True,False,False,False,False,['645-therian']
780,Kyurem,646,Dragon,Ice,Gray,Upright,True,False,False,False,False,['646']
781,Kyurem Black,646,Dragon,Ice,Gray,Upright,True,False,False,False,False,['646-black']
782,Kyurem White,646,Dragon,Ice,Gray,Upright,True,False,False,False,False,['646-white']
783,Keldeo Ordinary,647,Water,Fighting,Yellow,Quadruped,True,False,False,False,False,['647-ordinary']
784,Keldeo Resolute,647,Water,Fighting,Yellow,Quadruped,True,False,False,False,False,['647-resolute']
785,Meloetta Aria,648,Normal,Psychic,White,Humanoid,True,False,False,False,False,['648-aria']
786,Meloetta Pirouette,648,Normal,Fighting,White,Humanoid,True,False,False,False,False,['648-pirouette']
787,Genesect,649,Bug,Steel,Purple,Humanoid,True,False,False,False,False,['649']
788,Chespin,650,Grass,,Green,Upright,False,False,False,False,False,['650']
789,Quilladin,651,Grass,,Green,Upright,False,False,False,False,False,['651']
790,Chesnaught,652,Grass,Fighting,Green,Upright,False,False,False,False,False,['652']
791,Fennekin,653,Fire,,Red,Quadruped,False,False,False,False,False,['653']
792,Braixen,654,Fire,,Red,Upright,False,False,False,False,False,['654']
793,Delphox,655,Fire,Psychic,Red,Upright,False,False,False,False,False,['655']
794,Froakie,656,Water,,Blue,Quadruped,False,False,False,False,False,['656']
795,Frogadier,657,Water,,Blue,Humanoid,False,False,False,False,False,['657']
796,Greninja,658,Water,Dark,Blue,Humanoid,False,False,False,False,False,['658']
797,Greninja Ash,658,Water,Dark,Blue,Humanoid,False,False,False,False,False,['658_2']
798,Greninja Battle Bond,658,Water,Dark,Blue,Humanoid,False,False,False,False,False,[]
799,Bunnelby,659,Normal,,Brown,Upright,False,False,False,False,False,['659']
800,Diggersby,660,Normal,Ground,Brown,Upright,False,False,False,False,False,['660']
801,Fletchling,661,Normal,Flying,Red,Wings,False,False,False,False,False,['661']
802,Fletchinder,662,Fire,Flying,Red,Wings,False,False,False,False,False,['662']
803,Talonflame,663,Fire,Flying,Red,Wings,False,False,False,False,False,['663']
804,Scatterbug,664,Bug,,Black,Armor,False,False,False,False,False,['664']
805,Spewpa,665,Bug,,Black,Blob,False,False,False,False,False,['665']
806,Vivillon,666,Bug,Flying,White,Bug-Wings,False,False,False,False,False,['666_1']
807,Litleo,667,Fire,Normal,Brown,Quadruped,False,False,False,False,False,['667']
808,Pyroar,668,Fire,Normal,Brown,Quadruped,False,False,False,False,False,"['668f', '668m']"
809,Flabebe,669,Fairy,,White,Arms,False,False,False,False,False,['669_1']
810,Floette,670,Fairy,,White,Arms,False,False,False,False,False,['670_1']
811,Floette Eternal,670,Fairy,,White,Arms,False,False,False,False,False,['670_6']
812,Florges,671,Fairy,,White,Arms,False,False,False,False,False,['671_1']
813,Skiddo,672,Grass,,Brown,Quadruped,False,False,False,False,False,['672']
814,Gogoat,673,Grass,,Brown,Quadruped,False,False,False,False,False,['673']
815,Pancham,674,Fighting,,White,Upright,False,False,False,False,False,['674']
816,Pangoro,675,Fighting,Dark,White,Humanoid,False,False,False,False,False,['675']
817,Furfrou,676,Normal,,White,Quadruped,False,False,False,False,False,['676_1']
818,Espurr,677,Psychic,,Gray,Upright,False,False,False,False,False,['677']
819,Meowstic Female,678,Psychic,,Blue,Upright,False,False,False,False,False,['678f']
820,Meowstic Male,678,Psychic,,Blue,Upright,False,False,False,False,False,['678m']
821,Honedge,679,Steel,Ghost,Brown,Blob,False,False,False,False,False,"['679_1', '679_2']"
822,Doublade,680,Steel,Ghost,Brown,Heads,False,False,False,False,False,"['680_1', '680_2']"
823,Aegislash Blade,681,Steel,Ghost,Brown,Blob,False,False,False,False,False,['681_2']
824,Aegislash Shield,681,Steel,Ghost,Brown,Blob,False,False,False,False,False,['681_1']
825,Spritzee,682,Fairy,,Pink,Arms,False,False,False,False,False,['682']
826,Aromatisse,683,Fairy,,Pink,Humanoid,False,False,False,False,False,['683']
827,Swirlix,684,Fairy,,White,Legs,False,False,False,False,False,['684']
828,Slurpuff,685,Fairy,,White,Humanoid,False,False,False,False,False,['685']
829,Inkay,686,Dark,Psychic,Blue,Tentacles,False,False,False,False,False,['686']
830,Malamar,687,Dark,Psychic,Blue,Blob,False,False,False,False,False,['687']
831,Binacle,688,Rock,Water,Brown,Heads,False,False,False,False,False,['688']
832,Barbaracle,689,Rock,Water,Brown,Heads,False,False,False,False,False,['689']
833,Skrelp,690,Poison,Water,Brown,Blob,False,False,False,False,False,['690']
834,Dragalge,691,Poison,Dragon,Brown,Blob,False,False,False,False,False,['691']
835,Clauncher,692,Water,,Blue,Armor,False,False,False,False,False,['692']
836,Clawitzer,693,Water,,Blue,Squiggle,False,False,False,False,False,['693']
837,Helioptile,694,Electric,Normal,Yellow,Upright,False,False,False,False,False,['694']
838,Heliolisk,695,Electric,Normal,Yellow,Upright,False,False,False,False,False,['695']
839,Tyrunt,696,Rock,Dragon,Brown,Upright,False,False,False,False,False,['696']
840,Tyrantrum,697,Rock,Dragon,Red,Upright,False,False,False,False,False,['697']
841,Amaura,698,Rock,Ice,Blue,Quadruped,False,False,False,False,False,['698']
842,Aurorus,699,Rock,Ice,Blue,Quadruped,False,False,False,False,False,['699']
843,Sylveon,700,Fairy,,Pink,Quadruped,False,False,False,False,False,['700']
844,Hawlucha,701,Fighting,Flying,Green,Humanoid,False,False,False,False,False,['701']
845,Dedenne,702,Electric,Fairy,Yellow,Upright,False,False,False,False,False,['702']
846,Carbink,703,Rock,Fairy,Gray,Ball,False,False,False,False,False,['703']
847,Goomy,704,Dragon,,Purple,Squiggle,False,False,False,False,False,['704']
848,Sliggoo,705,Dragon,,Purple,Squiggle,False,False,False,False,False,['705']
849,Goodra,706,Dragon,,Purple,Upright,False,False,False,False,False,['706']
850,Klefki,707,Steel,Fairy,Gray,Ball,False,False,False,False,False,['707']
851,Phantump,708,Ghost,Grass,Brown,Arms,False,False,False,False,False,['708']
852,Trevenant,709,Ghost,Grass,Brown,Tentacles,False,False,False,False,False,['709']
853,Pumpkaboo Average,710,Ghost,Grass,Brown,Ball,False,False,False,False,False,['710_1']
854,Pumpkaboo Large,710,Ghost,Grass,Brown,Ball,False,False,False,False,False,[]
855,Pumpkaboo Small,710,Ghost,Grass,Brown,Ball,False,False,False,False,False,[]
856,Pumpkaboo Super,710,Ghost,Grass,Brown,Ball,False,False,False,False,False,[]
857,Gourgeist Average,711,Ghost,Grass,Brown,Blob,False,False,False,False,False,['711_1']
858,Gourgeist Large,711,Ghost,Grass,Brown,Blob,False,False,False,False,False,[]
859,Gourgeist Small,711,Ghost,Grass,Brown,Blob,False,False,False,False,False,[]
860,Gourgeist Super,711,Ghost,Grass,Brown,Blob,False,False,False,False,False,[]
861,Bergmite,712,Ice,,Blue,Quadruped,False,False,False,False,False,['712']
862,Avalugg,713,Ice,,Blue,Quadruped,False,False,False,False,False,['713']
863,Noibat,714,Flying,Dragon,Purple,Wings,False,False,False,False,False,['714']
864,Noivern,715,Flying,Dragon,Purple,Wings,False,False,False,False,False,['715']
865,Xerneas,716,Fairy,,Blue,Quadruped,True,False,False,False,False,"['716_1', '716_2']"
866,Yveltal,717,Dark,Flying,Red,Wings,True,False,False,False,False,['717']
867,Zygarde,718,Dragon,Ground,Green,Squiggle,True,False,False,False,False,"['718_4', '718_5']"
868,Zygarde 10,718,Dragon,Ground,Green,Squiggle,True,False,False,False,False,['718_2']
869,Zygarde 50,718,Dragon,Ground,Green,Squiggle,True,False,False,False,False,['718_1']
870,Zygarde Complete,718,Dragon,Ground,Green,Squiggle,True,False,False,False,False,['718_3']
871,Diancie,719,Rock,Fairy,Pink,Arms,True,False,False,False,False,['719_1']
872,Diancie Mega,719,Rock,Fairy,Pink,Arms,True,True,False,False,False,['719_2']
873,Hoopa,720,Psychic,Ghost,Purple,Arms,True,False,False,False,False,['720_1']
874,Hoopa Unbound,720,Psychic,Dark,Purple,Arms,True,False,False,False,False,['720_2']
875,Volcanion,721,Fire,Water,Brown,Quadruped,True,False,False,False,False,['721']
876,Rowlet,722,Grass,Flying,Brown,Wings,False,False,False,False,False,['722']
877,Dartrix,723,Grass,Flying,Brown,Wings,False,False,False,False,False,['723']
878,Decidueye,724,Grass,Ghost,Brown,Wings,False,False,False,False,False,['724']
879,Litten,725,Fire,,Red,Quadruped,False,False,False,False,False,['725']
880,Torracat,726,Fire,,Red,Quadruped,False,False,False,False,False,['726']
881,Incineroar,727,Fire,Dark,Red,Upright,False,False,False,False,False,['727']
882,Popplio,728,Water,,Blue,Fish,False,False,False,False,False,['728']
883,Brionne,729,Water,,Blue,Fish,False,False,False,False,False,['729']
884,Primarina,730,Water,Fairy,Blue,Fish,False,False,False,False,False,['730']
885,Pikipek,731,Normal,Flying,Black,Wings,False,False,False,False,False,['731']
886,Trumbeak,732,Normal,Flying,Black,Wings,False,False,False,False,False,['732']
887,Toucannon,733,Normal,Flying,Black,Wings,False,False,False,False,False,['733']
888,Yungoos,734,Normal,,Brown,Quadruped,False,False,False,False,False,['734']
889,Gumshoos,735,Normal,,Brown,Quadruped,False,False,False,False,False,['735']
890,Gumshoos Totem,735,Normal,,Brown,Quadruped,False,False,False,False,False,[]
891,Grubbin,736,Bug,,Gray,Armor,False,False,False,False,False,['736']
892,Charjabug,737,Bug,Electric,Green,Squiggle,False,False,False,False,False,['737']
893,Vikavolt,738,Bug,Electric,Blue,Armor,False,False,False,False,False,['738']
894,Vikavolt Totem,738,Bug,Electric,Blue,Armor,False,False,False,False,False,[]
895,Crabrawler,739,Fighting,,Purple,Armor,False,False,False,False,False,['739']
896,Crabominable,740,Fighting,Ice,White,Armor,False,False,False,False,False,['740']
897,Oricorio Baile,741,Fire,Flying,Red,Wings,False,False,False,False,False,['741_1']
898,Oricorio Pau,741,Psychic,Flying,Red,Wings,False,False,False,False,False,['741_3']
899,Oricorio Pom Pom,741,Electric,Flying,Red,Wings,False,False,False,False,False,['741_2']
900,Oricorio Sensu,741,Ghost,Flying,Red,Wings,False,False,False,False,False,['741_4']
901,Cutiefly,742,Bug,Fairy,Yellow,Armor,False,False,False,False,False,['742']
902,Ribombee,743,Bug,Fairy,Yellow,Bug-Wings,False,False,False,False,False,['743']
903,Ribombee Totem,743,Bug,Fairy,Yellow,Bug-Wings,False,False,False,False,False,[]
904,Rockruff,744,Rock,,Brown,Quadruped,False,False,False,False,False,['744']
905,Rockruff Own Tempo,744,Rock,,Brown,Quadruped,False,False,False,False,False,[]
906,Lycanroc Dusk,745,Rock,,Brown,Quadruped,False,False,False,False,False,['745_3']
907,Lycanroc Midday,745,Rock,,Brown,Quadruped,False,False,False,False,False,['745_1']
908,Lycanroc Midnight,745,Rock,,Brown,Quadruped,False,False,False,False,False,['745_2']
909,Wishiwashi School,746,Water,,Blue,Fish,False,False,False,False,False,['746_2']
910,Wishiwashi Solo,746,Water,,Blue,Fish,False,False,False,False,False,['746_1']
911,Mareanie,747,Poison,Water,Blue,Blob,False,False,False,False,False,['747']
912,Toxapex,748,Poison,Water,Blue,Tentacles,False,False,False,False,False,['748']
913,Mudbray,749,Ground,,Brown,Quadruped,False,False,False,False,False,['749']
914,Mudsdale,750,Ground,,Brown,Quadruped,False,False,False,False,False,['750']
915,Dewpider,751,Water,Bug,Green,Legs,False,False,False,False,False,['751']
916,Araquanid,752,Water,Bug,Green,Armor,False,False,False,False,False,['752']
917,Araquanid Totem,752,Water,Bug,Green,Armor,False,False,False,False,False,[]
918,Fomantis,753,Grass,,Pink,Upright,False,False,False,False,False,['753']
919,Lurantis,754,Grass,,Pink,Humanoid,False,False,False,False,False,['754']
920,Lurantis Totem,754,Grass,,Pink,Humanoid,False,False,False,False,False,[]
921,Morelull,755,Grass,Fairy,Purple,Blob,False,False,False,False,False,['755']
922,Shiinotic,756,Grass,Fairy,Purple,Humanoid,False,False,False,False,False,['756']
923,Salandit,757,Poison,Fire,Black,Quadruped,False,False,False,False,False,['757']
924,Salazzle,758,Poison,Fire,Black,Quadruped,False,False,False,False,False,['758']
925,Salazzle Totem,758,Poison,Fire,Black,Quadruped,False,False,False,False,False,[]
926,Stufful,759,Normal,Fighting,Pink,Quadruped,False,False,False,False,False,['759']
927,Bewear,760,Normal,Fighting,Pink,Upright,False,False,False,False,False,['760']
928,Bounsweet,761,Grass,,Purple,Legs,False,False,False,False,False,['761']
929,Steenee,762,Grass,,Purple,Humanoid,False,False,False,False,False,['762']
930,Tsareena,763,Grass,,Purple,Humanoid,False,False,False,False,False,['763']
931,Comfey,764,Fairy,,Green,Ball,False,False,False,False,False,['764']
932,Oranguru,765,Normal,Psychic,White,Humanoid,False,False,False,False,False,['765']
933,Passimian,766,Fighting,,White,Upright,False,False,False,False,False,['766']
934,Wimpod,767,Bug,Water,Gray,Tentacles,False,False,False,False,False,['767']
935,Golisopod,768,Bug,Water,Gray,Humanoid,False,False,False,False,False,['768']
936,Sandygast,769,Ghost,Ground,Brown,Squiggle,False,False,False,False,False,['769']
937,Palossand,770,Ghost,Ground,Brown,Squiggle,False,False,False,False,False,['770']
938,Pyukumuku,771,Water,,Black,Squiggle,False,False,False,False,False,['771']
939,Type Null,772,Normal,,Gray,Quadruped,False,False,False,False,False,['772']
940,Silvally,773,Normal,,Gray,Quadruped,False,False,False,False,False,['773_1']
941,Minior Blue,774,Rock,Flying,Brown,Ball,False,False,False,False,False,['774_4']
942,Minior Blue Meteor,774,Rock,Flying,Brown,Ball,False,False,False,False,False,['774_1']
943,Minior Green,774,Rock,Flying,Brown,Ball,False,False,False,False,False,[]
944,Minior Green Meteor,774,Rock,Flying,Brown,Ball,False,False,False,False,False,[]
945,Minior Indigo,774,Rock,Flying,Brown,Ball,False,False,False,False,False,[]
946,Minior Indigo Meteor,774,Rock,Flying,Brown,Ball,False,False,False,False,False,[]
947,Minior Orange,774,Rock,Flying,Brown,Ball,False,False,False,False,False,[]
948,Minior Orange Meteor,774,Rock,Flying,Brown,Ball,False,False,False,False,False,[]
949,Minior Red,774,Rock,Flying,Brown,Ball,False,False,False,False,False,[]
950,Minior Red Meteor,774,Rock,Flying,Brown,Ball,False,False,False,False,False,[]
951,Minior Violet,774,Rock,Flying,Brown,Ball,False,False,False,False,False,[]
952,Minior Violet Meteor,774,Rock,Flying,Brown,Ball,False,False,False,False,False,[]
953,Minior Yellow,774,Rock,Flying,Brown,Ball,False,False,False,False,False,[]
954,Minior Yellow Meteor,774,Rock,Flying,Brown,Ball,False,False,False,False,False,[]
955,Komala,775,Normal,,Blue,Humanoid,False,False,False,False,False,['775']
956,Turtonator,776,Fire,Dragon,Red,Upright,False,False,False,False,False,['776']
957,Togedemaru,777,Electric,Steel,Gray,Upright,False,False,False,False,False,['777']
958,Togedemaru Totem,777,Electric,Steel,Gray,Upright,False,False,False,False,False,[]
959,Mimikyu Busted,778,Ghost,Fairy,Yellow,Squiggle,False,False,False,False,False,['778_1']
960,Mimikyu Disguised,778,Ghost,Fairy,Yellow,Squiggle,False,False,False,False,False,['778_2']
961,Mimikyu Totem Busted,778,Ghost,Fairy,Yellow,Squiggle,False,False,False,False,False,[]
962,Mimikyu Totem Disguised,778,Ghost,Fairy,Yellow,Squiggle,False,False,False,False,False,[]
963,Bruxish,779,Water,Psychic,Pink,Fish,False,False,False,False,False,['779']
964,Drampa,780,Normal,Dragon,White,Squiggle,False,False,False,False,False,['780']
965,Dhelmise,781,Ghost,Grass,Green,Blob,False,False,False,False,False,['781']
966,Jangmo O,782,Dragon,,Gray,Quadruped,False,False,False,False,False,['782']
967,Hakamo O,783,Dragon,Fighting,Gray,Upright,False,False,False,False,False,['783']
968,Kommo O,784,Dragon,Fighting,Gray,Upright,False,False,False,False,False,['784']
969,Kommo O Totem,784,Dragon,Fighting,Gray,Upright,False,False,False,False,False,[]
970,Tapu Koko,785,Electric,Fairy,Yellow,Arms,True,False,False,False,False,['785']
971,Tapu Lele,786,Psychic,Fairy,Pink,Arms,True,False,False,False,False,['786']
972,Tapu Bulu,787,Grass,Fairy,Red,Arms,True,False,False,False,False,['787']
973,Tapu Fini,788,Water,Fairy,Purple,Arms,True,False,False,False,False,['788']
974,Cosmog,789,Psychic,,Blue,Ball,True,False,False,False,False,['789']
975,Cosmoem,790,Psychic,,Blue,Ball,True,False,False,False,False,['790']
976,Solgaleo,791,Psychic,Steel,White,Quadruped,True,False,False,False,False,"['791_1', '791_2']"
977,Lunala,792,Psychic,Ghost,Purple,Wings,True,False,False,False,False,"['792_1', '792_2']"
978,Nihilego,793,Rock,Poison,White,Tentacles,False,False,False,False,False,['793']
979,Buzzwole,794,Bug,Fighting,Red,Tentacles,False,False,False,False,False,['794']
980,Pheromosa,795,Bug,Fighting,White,Humanoid,False,False,False,False,False,['795']
981,Xurkitree,796,Electric,,Black,Upright,False,False,False,False,False,['796']
982,Celesteela,797,Steel,Flying,Green,Humanoid,False,False,False,False,False,['797']
983,Kartana,798,Grass,Steel,White,Humanoid,False,False,False,False,False,['798']
984,Guzzlord,799,Dark,Dragon,Black,Upright,False,False,False,False,False,['799']
985,Necrozma,800,Psychic,,Black,Arms,True,False,False,False,False,['800_1']
986,Necrozma Dawn,800,Psychic,Ghost,Black,Arms,True,False,False,False,False,['800_2']
987,Necrozma Dusk,800,Psychic,Steel,Black,Arms,True,False,False,False,False,['800_3']
988,Necrozma Ultra,800,Psychic,Dragon,Black,Arms,True,False,False,False,False,['800_4']
989,Magearna,801,Steel,Fairy,Gray,Humanoid,True,False,False,False,False,['801_1']
990,Magearna Original,801,Steel,Fairy,Gray,Humanoid,True,False,False,False,False,['801_2']
991,Marshadow,802,Fighting,Ghost,Gray,Humanoid,True,False,False,False,False,"['802_1', '802_2']"
992,Poipole,803,Poison,,Purple,Upright,False,False,False,False,False,['803']
993,Naganadel,804,Poison,Dragon,Purple,Wings,False,False,False,False,False,['804']
994,Stakataka,805,Rock,Steel,Gray,Quadruped,False,False,False,False,False,['805']
995,Blacephalon,806,Fire,Ghost,White,Humanoid,False,False,False,False,False,['806']
996,Zeraora,807,Electric,,Yellow,Humanoid,True,False,False,False,False,['807']
997,Meltan,808,Steel,,Gray,Ball,True,False,False,False,False,['808']
998,Melmetal,809,Steel,,Gray,Humanoid,True,False,False,False,False,['809_1']
999,Melmetal Gmax,809,Steel,,Gray,Humanoid,True,False,False,False,True,['809_g']
1000,Grookey,810,Grass,,Green,Upright,False,False,False,False,False,['810']
1001,Thwackey,811,Grass,,Green,Upright,False,False,False,False,False,['811']
1002,Rillaboom,812,Grass,,Green,Humanoid,False,False,False,False,False,['812_1']
1003,Rillaboom Gmax,812,Grass,,Green,Humanoid,False,False,False,False,True,['812_g']
1004,Scorbunny,813,Fire,,White,Upright,False,False,False,False,False,['813']
1005,Raboot,814,Fire,,Gray,Upright,False,False,False,False,False,['814']
1006,Cinderace,815,Fire,,White,Upright,False,False,False,False,False,['815_1']
1007,Cinderace Gmax,815,Fire,,White,Upright,False,False,False,False,True,['815_g']
1008,Sobble,816,Water,,Blue,Quadruped,False,False,False,False,False,['816']
1009,Drizzile,817,Water,,Blue,Upright,False,False,False,False,False,['817']
1010,Inteleon,818,Water,,Blue,Upright,False,False,False,False,False,['818_1']
1011,Inteleon Gmax,818,Water,,Blue,Upright,False,False,False,False,True,['818_g']
1012,Skwovet,819,Normal,,Brown,Upright,False,False,False,False,False,['819']
1013,Greedent,820,Normal,,Brown,Upright,False,False,False,False,False,['820']
1014,Rookidee,821,Flying,,Blue,Wings,False,False,False,False,False,['821']
1015,Corvisquire,822,Flying,,Blue,Wings,False,False,False,False,False,['822']
1016,Corviknight,823,Flying,Steel,Purple,Wings,False,False,False,False,False,['823_1']
1017,Corviknight Gmax,823,Flying,Steel,Purple,Wings,False,False,False,False,True,['823_g']
1018,Blipbug,824,Bug,,Blue,Armor,False,False,False,False,False,['824']
1019,Dottler,825,Bug,Psychic,Yellow,Armor,False,False,False,False,False,['825']
1020,Orbeetle,826,Bug,Psychic,Red,Wings,False,False,False,False,False,['826_1']
1021,Orbeetle Gmax,826,Bug,Psychic,Red,Wings,False,False,False,False,True,['826_g']
1022,Nickit,827,Dark,,Brown,Quadruped,False,False,False,False,False,['827']
1023,Thievul,828,Dark,,Brown,Quadruped,False,False,False,False,False,['828']
1024,Gossifleur,829,Grass,,Green,Blob,False,False,False,False,False,['829']
1025,Eldegoss,830,Grass,,Green,Blob,False,False,False,False,False,['830']
1026,Wooloo,831,Normal,,White,Quadruped,False,False,False,False,False,['831']
1027,Dubwool,832,Normal,,White,Quadruped,False,False,False,False,False,['832']
1028,Chewtle,833,Water,,Green,Quadruped,False,False,False,False,False,['833']
1029,Drednaw,834,Water,Rock,Green,Quadruped,False,False,False,False,False,['834_1']
1030,Drednaw Gmax,834,Water,Rock,Green,Quadruped,False,False,False,False,True,['834_g']
1031,Yamper,835,Electric,,Yellow,Quadruped,False,False,False,False,False,['835']
1032,Boltund,836,Electric,,Yellow,Quadruped,False,False,False,False,False,['836']
1033,Rolycoly,837,Rock,,Black,Ball,False,False,False,False,False,['837']
1034,Carkol,838,Rock,Fire,Black,Legs,False,False,False,False,False,['838']
1035,Coalossal,839,Rock,Fire,Black,Humanoid,False,False,False,False,False,['839_1']
1036,Coalossal Gmax,839,Rock,Fire,Black,Humanoid,False,False,False,False,True,['839_g']
1037,Applin,840,Grass,Dragon,Green,Squiggle,False,False,False,False,False,['840']
1038,Flapple,841,Grass,Dragon,Green,Wings,False,False,False,False,False,['841_1']
1039,Flapple Gmax,841,Grass,Dragon,Green,Wings,False,False,False,False,True,"['841-842_g', '841-42_g']"
1040,Appletun,842,Grass,Dragon,Green,Quadruped,False,False,False,False,False,['842_1']
1041,Appletun Gmax,842,Grass,Dragon,Green,Quadruped,False,False,False,False,True,['842_g']
1042,Silicobra,843,Ground,,Green,Squiggle,False,False,False,False,False,['843']
1043,Sandaconda,844,Ground,,Green,Squiggle,False,False,False,False,False,['844_1']
1044,Sandaconda Gmax,844,Ground,,Green,Squiggle,False,False,False,False,True,['844_g']
1045,Cramorant,845,Flying,Water,Blue,Wings,False,False,False,False,False,"['845_1', '845_2', '845_3']"
1046,Arrokuda,846,Water,,Brown,Fish,False,False,False,False,False,['846']
1047,Barraskewda,847,Water,,Brown,Fish,False,False,False,False,False,['847']
1048,Toxel,848,Electric,Poison,Purple,Upright,False,False,False,False,False,['848']
1049,Toxtricity Amped,849,Electric,Poison,Purple,Upright,False,False,False,False,False,['849_1']
1050,Toxtricity Amped Gmax,849,Electric,Poison,Purple,Upright,False,False,False,False,True,['849_g']
1051,Toxtricity Low Key,849,Electric,Poison,Purple,Upright,False,False,False,False,False,['849_2']
1052,Toxtricity Low Key Gmax,849,Electric,Poison,Purple,Upright,False,False,False,False,True,[]
1053,Sizzlipede,850,Fire,Bug,Red,Tentacles,False,False,False,False,False,['850']
1054,Centiskorch,851,Fire,Bug,Red,Tentacles,False,False,False,False,False,['851_1']
1055,Centiskorch Gmax,851,Fire,Bug,Red,Tentacles,False,False,False,False,True,['851_g']
1056,Clobbopus,852,Fighting,,Brown,Tentacles,False,False,False,False,False,['852']
1057,Grapploct,853,Fighting,,Blue,Tentacles,False,False,False,False,False,['853']
1058,Sinistea,854,Ghost,,Purple,Ball,False,False,False,False,False,['854']
1059,Polteageist,855,Ghost,,Purple,Ball,False,False,False,False,False,['855']
1060,Hatenna,856,Psychic,,Pink,Legs,False,False,False,False,False,['856']
1061,Hattrem,857,Psychic,,Pink,Humanoid,False,False,False,False,False,['857']
1062,Hatterene,858,Psychic,Fairy,Pink,Blob,False,False,False,False,False,['858_1']
1063,Hatterene Gmax,858,Psychic,Fairy,Pink,Blob,False,False,False,False,True,['858_g']
1064,Impidimp,859,Dark,Fairy,Pink,Humanoid,False,False,False,False,False,['859']
1065,Morgrem,860,Dark,Fairy,Pink,Humanoid,False,False,False,False,False,['860']
1066,Grimmsnarl,861,Dark,Fairy,Purple,Humanoid,False,False,False,False,False,['861_1']
1067,Grimmsnarl Gmax,861,Dark,Fairy,Purple,Humanoid,False,False,False,False,True,['861_g']
1068,Obstagoon,862,Dark,Normal,Gray,Upright,False,False,False,False,False,['862']
1069,Perrserker,863,Steel,,Brown,Upright,False,False,False,False,False,['863']
1070,Cursola,864,Ghost,,White,Arms,False,False,False,False,False,['864']
1071,Sirfetchd,865,Fighting,,White,Wings,False,False,False,False,False,['865']
1072,Mr Rime,866,Ice,Psychic,Purple,Humanoid,False,False,False,False,False,['866']
1073,Runerigus,867,Ground,Ghost,Gray,Blob,False,False,False,False,False,['867']
1074,Milcery,868,Fairy,,White,Ball,False,False,False,False,False,['868']
1075,Alcremie,869,Fairy,,White,Blob,False,False,False,False,False,['869_1']
1076,Alcremie Gmax,869,Fairy,,White,Blob,False,False,False,False,True,['869_g']
1077,Falinks,870,Fighting,,Yellow,Heads,False,False,False,False,False,['870']
1078,Pincurchin,871,Electric,,Purple,Tentacles,False,False,False,False,False,['871']
1079,Snom,872,Ice,Bug,White,Squiggle,False,False,False,False,False,['872']
1080,Frosmoth,873,Ice,Bug,White,Bug-Wings,False,False,False,False,False,['873']
1081,Stonjourner,874,Rock,,Gray,Legs,False,False,False,False,False,['874']
1082,Eiscue Ice,875,Ice,,Blue,Upright,False,False,False,False,False,['875_1']
1083,Eiscue Noice,875,Ice,,Blue,Upright,False,False,False,False,False,['875_2']
1084,Indeedee Female,876,Psychic,Normal,Purple,Upright,False,False,False,False,False,['876f']
1085,Indeedee Male,876,Psychic,Normal,Purple,Upright,False,False,False,False,False,['876m']
1086,Morpeko,877,Electric,Dark,Yellow,Humanoid,False,False,False,False,False,"['877_1', '877_2']"
1087,Cufant,878,Steel,,Yellow,Quadruped,False,False,False,False,False,['878']
1088,Copperajah,879,Steel,,Green,Quadruped,False,False,False,False,False,['879_1']
1089,Copperajah Gmax,879,Steel,,Green,Quadruped,False,False,False,False,True,['879_g']
1090,Dracozolt,880,Electric,Dragon,Green,Upright,False,False,False,False,False,['880']
1091,Arctozolt,881,Electric,Ice,Blue,Upright,False,False,False,False,False,['881']
1092,Dracovish,882,Water,Dragon,Green,Legs,False,False,False,False,False,['882']
1093,Arctovish,883,Water,Ice,Blue,Fish,False,False,False,False,False,['883']
1094,Duraludon,884,Steel,Dragon,White,Upright,False,False,False,False,False,['884_1']
1095,Duraludon Gmax,884,Steel,Dragon,White,Upright,False,False,False,False,True,['884_g']
1096,Dreepy,885,Dragon,Ghost,Green,Squiggle,False,False,False,False,False,['885']
1097,Drakloak,886,Dragon,Ghost,Green,Arms,False,False,False,False,False,['886']
1098,Dragapult,887,Dragon,Ghost,Green,Upright,False,False,False,False,False,['887']
1099,Zacian Crowned,888,Fairy,Steel,Blue,Quadruped,True,False,False,False,False,"['888_1', '888_3']"
1100,Zacian Hero,888,Fairy,,Blue,Quadruped,True,False,False,False,False,['888_2']
1101,Zamazenta Crowned,889,Fighting,Steel,Red,Quadruped,True,False,False,False,False,"['889_1', '889_3']"
1102,Zamazenta Hero,889,Fighting,,Red,Quadruped,True,False,False,False,False,['889_2']
1103,Eternatus,890,Poison,Dragon,Purple,Wings,True,False,False,False,False,['890_1']
1104,Eternatus Eternamax,890,Poison,Dragon,Purple,Wings,True,False,False,False,True,['890_g']
1105,Kubfu,891,Fighting,,Gray,Upright,True,False,False,False,False,['891']
1106,Urshifu Rapid Strike,892,Fighting,Water,Gray,Humanoid,True,False,False,False,False,['892_1']
1107,Urshifu Rapid Strike Gmax,892,Fighting,Water,Gray,Humanoid,True,False,False,False,True,['892_g1']
1108,Urshifu Single Strike,892,Fighting,Dark,Gray,Humanoid,True,False,False,False,False,['892_2']
1109,Urshifu Single Strike Gmax,892,Fighting,Dark,Gray,Humanoid,True,False,False,False,True,['892_g2']
1110,Zarude,893,Dark,Grass,Green,Upright,True,False,False,False,False,"['893_1', '893_2']"
1111,Regieleki,894,Electric,,Yellow,Humanoid,True,False,False,False,False,['894']
1112,Regidrago,895,Dragon,,Green,Humanoid,True,False,False,False,False,['895']
1113,Glastrier,896,Ice,,White,Quadruped,True,False,False,False,False,['896']
1114,Spectrier,897,Ghost,,Black,Quadruped,True,False,False,False,False,['897']
1115,Calyrex,898,Psychic,Grass,Green,Humanoid,True,False,False,False,False,['898_1']
1116,Calyrex Ice Rider,898,Psychic,Ice,Green,Humanoid,True,False,False,False,False,['898_2']
1117,Calyrex Shadow Rider,898,Psychic,Ghost,Green,Humanoid,True,False,False,False,False,['898_3']
